ERROR - 2025-07-02 18:55:15 --> Error connecting to the database: mysqli_sql_exception: No se puede establecer una conexión ya que el equipo de destino denegó expresamente dicha conexión in C:\Users\Jorge Andrey\Desktop\arpirantes\system\Database\MySQLi\Connection.php:201
Stack trace:
#0 C:\Users\Jorge Andrey\Desktop\arpirantes\system\Database\MySQLi\Connection.php(201): mysqli->real_connect('localhost', 'root', Object(SensitiveParameterValue), 'discere_dev', 3306, '', 0)
#1 C:\Users\Jorge Andrey\Desktop\arpirantes\system\Database\BaseConnection.php(421): CodeIgniter\Database\MySQLi\Connection->connect(false)
#2 C:\Users\Jorge Andrey\Desktop\arpirantes\system\Database\BaseConnection.php(620): CodeIgniter\Database\BaseConnection->initialize()
#3 C:\Users\Jorge Andrey\Desktop\arpirantes\system\Database\BaseBuilder.php(1649): CodeIgniter\Database\BaseConnection->query('SELECT *\nFROM `...', Array, false)
#4 C:\Users\Jorge Andrey\Desktop\arpirantes\vendor\codeigniter4\settings\src\Handlers\DatabaseHandler.php(186): CodeIgniter\Database\BaseBuilder->get()
#5 C:\Users\Jorge Andrey\Desktop\arpirantes\vendor\codeigniter4\settings\src\Handlers\DatabaseHandler.php(51): CodeIgniter\Settings\Handlers\DatabaseHandler->hydrate(NULL)
#6 C:\Users\Jorge Andrey\Desktop\arpirantes\vendor\codeigniter4\settings\src\Settings.php(59): CodeIgniter\Settings\Handlers\DatabaseHandler->has('Config\\Auth', 'sessionConfig', NULL)
#7 C:\Users\Jorge Andrey\Desktop\arpirantes\vendor\codeigniter4\settings\src\Helpers\setting_helper.php(25): CodeIgniter\Settings\Settings->get('Auth.sessionCon...')
#8 C:\Users\Jorge Andrey\Desktop\arpirantes\vendor\codeigniter4\shield\src\Authentication\Authenticators\Session.php(685): setting('Auth.sessionCon...')
#9 C:\Users\Jorge Andrey\Desktop\arpirantes\vendor\codeigniter4\shield\src\Authentication\Authenticators\Session.php(703): CodeIgniter\Shield\Authentication\Authenticators\Session->getSessionUserInfo()
#10 C:\Users\Jorge Andrey\Desktop\arpirantes\vendor\codeigniter4\shield\src\Authentication\Authenticators\Session.php(390): CodeIgniter\Shield\Authentication\Authenticators\Session->getSessionUserKey('id')
#11 C:\Users\Jorge Andrey\Desktop\arpirantes\vendor\codeigniter4\shield\src\Authentication\Authenticators\Session.php(374): CodeIgniter\Shield\Authentication\Authenticators\Session->checkUserState()
#12 C:\Users\Jorge Andrey\Desktop\arpirantes\vendor\codeigniter4\shield\src\Auth.php(191): CodeIgniter\Shield\Authentication\Authenticators\Session->loggedIn()
#13 C:\Users\Jorge Andrey\Desktop\arpirantes\app\Controllers\Acceso.php(20): CodeIgniter\Shield\Auth->__call('loggedIn', Array)
#14 C:\Users\Jorge Andrey\Desktop\arpirantes\system\CodeIgniter.php(933): App\Controllers\Acceso->principal()
#15 C:\Users\Jorge Andrey\Desktop\arpirantes\system\CodeIgniter.php(507): CodeIgniter\CodeIgniter->runController(Object(App\Controllers\Acceso))
#16 C:\Users\Jorge Andrey\Desktop\arpirantes\system\CodeIgniter.php(354): CodeIgniter\CodeIgniter->handleRequest(NULL, Object(Config\Cache), false)
#17 C:\Users\Jorge Andrey\Desktop\arpirantes\system\Boot.php(334): CodeIgniter\CodeIgniter->run()
#18 C:\Users\Jorge Andrey\Desktop\arpirantes\system\Boot.php(67): CodeIgniter\Boot::runCodeIgniter(Object(CodeIgniter\CodeIgniter))
#19 C:\Users\Jorge Andrey\Desktop\arpirantes\public\index.php(56): CodeIgniter\Boot::bootWeb(Object(Config\Paths))
#20 C:\Users\Jorge Andrey\Desktop\arpirantes\system\rewrite.php(44): require_once('C:\\Users\\Jorge ...')
#21 {main}

Next CodeIgniter\Database\Exceptions\DatabaseException: No se puede establecer una conexión ya que el equipo de destino denegó expresamente dicha conexión in C:\Users\Jorge Andrey\Desktop\arpirantes\system\Database\MySQLi\Connection.php:246
Stack trace:
#0 C:\Users\Jorge Andrey\Desktop\arpirantes\system\Database\BaseConnection.php(421): CodeIgniter\Database\MySQLi\Connection->connect(false)
#1 C:\Users\Jorge Andrey\Desktop\arpirantes\system\Database\BaseConnection.php(620): CodeIgniter\Database\BaseConnection->initialize()
#2 C:\Users\Jorge Andrey\Desktop\arpirantes\system\Database\BaseBuilder.php(1649): CodeIgniter\Database\BaseConnection->query('SELECT *\nFROM `...', Array, false)
#3 C:\Users\Jorge Andrey\Desktop\arpirantes\vendor\codeigniter4\settings\src\Handlers\DatabaseHandler.php(186): CodeIgniter\Database\BaseBuilder->get()
#4 C:\Users\Jorge Andrey\Desktop\arpirantes\vendor\codeigniter4\settings\src\Handlers\DatabaseHandler.php(51): CodeIgniter\Settings\Handlers\DatabaseHandler->hydrate(NULL)
#5 C:\Users\Jorge Andrey\Desktop\arpirantes\vendor\codeigniter4\settings\src\Settings.php(59): CodeIgniter\Settings\Handlers\DatabaseHandler->has('Config\\Auth', 'sessionConfig', NULL)
#6 C:\Users\Jorge Andrey\Desktop\arpirantes\vendor\codeigniter4\settings\src\Helpers\setting_helper.php(25): CodeIgniter\Settings\Settings->get('Auth.sessionCon...')
#7 C:\Users\Jorge Andrey\Desktop\arpirantes\vendor\codeigniter4\shield\src\Authentication\Authenticators\Session.php(685): setting('Auth.sessionCon...')
#8 C:\Users\Jorge Andrey\Desktop\arpirantes\vendor\codeigniter4\shield\src\Authentication\Authenticators\Session.php(703): CodeIgniter\Shield\Authentication\Authenticators\Session->getSessionUserInfo()
#9 C:\Users\Jorge Andrey\Desktop\arpirantes\vendor\codeigniter4\shield\src\Authentication\Authenticators\Session.php(390): CodeIgniter\Shield\Authentication\Authenticators\Session->getSessionUserKey('id')
#10 C:\Users\Jorge Andrey\Desktop\arpirantes\vendor\codeigniter4\shield\src\Authentication\Authenticators\Session.php(374): CodeIgniter\Shield\Authentication\Authenticators\Session->checkUserState()
#11 C:\Users\Jorge Andrey\Desktop\arpirantes\vendor\codeigniter4\shield\src\Auth.php(191): CodeIgniter\Shield\Authentication\Authenticators\Session->loggedIn()
#12 C:\Users\Jorge Andrey\Desktop\arpirantes\app\Controllers\Acceso.php(20): CodeIgniter\Shield\Auth->__call('loggedIn', Array)
#13 C:\Users\Jorge Andrey\Desktop\arpirantes\system\CodeIgniter.php(933): App\Controllers\Acceso->principal()
#14 C:\Users\Jorge Andrey\Desktop\arpirantes\system\CodeIgniter.php(507): CodeIgniter\CodeIgniter->runController(Object(App\Controllers\Acceso))
#15 C:\Users\Jorge Andrey\Desktop\arpirantes\system\CodeIgniter.php(354): CodeIgniter\CodeIgniter->handleRequest(NULL, Object(Config\Cache), false)
#16 C:\Users\Jorge Andrey\Desktop\arpirantes\system\Boot.php(334): CodeIgniter\CodeIgniter->run()
#17 C:\Users\Jorge Andrey\Desktop\arpirantes\system\Boot.php(67): CodeIgniter\Boot::runCodeIgniter(Object(CodeIgniter\CodeIgniter))
#18 C:\Users\Jorge Andrey\Desktop\arpirantes\public\index.php(56): CodeIgniter\Boot::bootWeb(Object(Config\Paths))
#19 C:\Users\Jorge Andrey\Desktop\arpirantes\system\rewrite.php(44): require_once('C:\\Users\\Jorge ...')
#20 {main}
CRITICAL - 2025-07-02 18:55:15 --> CodeIgniter\Database\Exceptions\DatabaseException: Unable to connect to the database.
Main connection [MySQLi]: No se puede establecer una conexión ya que el equipo de destino denegó expresamente dicha conexión
[Method: GET, Route: Acceso/principal]
in SYSTEMPATH\Database\BaseConnection.php on line 467.
 1 SYSTEMPATH\Database\BaseConnection.php(620): CodeIgniter\Database\BaseConnection->initialize()
 2 SYSTEMPATH\Database\BaseBuilder.php(1649): CodeIgniter\Database\BaseConnection->query('SELECT *
FROM `settings`
WHERE `context` IS NULL', [], false)
 3 VENDORPATH\codeigniter4\settings\src\Handlers\DatabaseHandler.php(186): CodeIgniter\Database\BaseBuilder->get()
 4 VENDORPATH\codeigniter4\settings\src\Handlers\DatabaseHandler.php(51): CodeIgniter\Settings\Handlers\DatabaseHandler->hydrate(null)
 5 VENDORPATH\codeigniter4\settings\src\Settings.php(59): CodeIgniter\Settings\Handlers\DatabaseHandler->has('Config\\Auth', 'sessionConfig', null)
 6 VENDORPATH\codeigniter4\settings\src\Helpers\setting_helper.php(25): CodeIgniter\Settings\Settings->get('Auth.sessionConfig')
 7 VENDORPATH\codeigniter4\shield\src\Authentication\Authenticators\Session.php(685): setting('Auth.sessionConfig')
 8 VENDORPATH\codeigniter4\shield\src\Authentication\Authenticators\Session.php(703): CodeIgniter\Shield\Authentication\Authenticators\Session->getSessionUserInfo()
 9 VENDORPATH\codeigniter4\shield\src\Authentication\Authenticators\Session.php(390): CodeIgniter\Shield\Authentication\Authenticators\Session->getSessionUserKey('id')
10 VENDORPATH\codeigniter4\shield\src\Authentication\Authenticators\Session.php(374): CodeIgniter\Shield\Authentication\Authenticators\Session->checkUserState()
11 VENDORPATH\codeigniter4\shield\src\Auth.php(191): CodeIgniter\Shield\Authentication\Authenticators\Session->loggedIn()
12 APPPATH\Controllers\Acceso.php(20): CodeIgniter\Shield\Auth->__call('loggedIn', [])
13 SYSTEMPATH\CodeIgniter.php(933): App\Controllers\Acceso->principal()
14 SYSTEMPATH\CodeIgniter.php(507): CodeIgniter\CodeIgniter->runController(Object(App\Controllers\Acceso))
15 SYSTEMPATH\CodeIgniter.php(354): CodeIgniter\CodeIgniter->handleRequest(null, Object(Config\Cache), false)
16 SYSTEMPATH\Boot.php(334): CodeIgniter\CodeIgniter->run()
17 SYSTEMPATH\Boot.php(67): CodeIgniter\Boot::runCodeIgniter(Object(CodeIgniter\CodeIgniter))
18 FCPATH\index.php(56): CodeIgniter\Boot::bootWeb(Object(Config\Paths))
19 SYSTEMPATH\rewrite.php(44): require_once('C:\\Users\\Jorge Andrey\\Desktop\\arpirantes\\public\\index.php')
ERROR - 2025-07-02 18:57:33 --> Error connecting to the database: mysqli_sql_exception: No se puede establecer una conexión ya que el equipo de destino denegó expresamente dicha conexión in C:\Users\Jorge Andrey\Desktop\arpirantes\system\Database\MySQLi\Connection.php:201
Stack trace:
#0 C:\Users\Jorge Andrey\Desktop\arpirantes\system\Database\MySQLi\Connection.php(201): mysqli->real_connect('localhost', 'root', Object(SensitiveParameterValue), 'discere_dev', 3306, '', 0)
#1 C:\Users\Jorge Andrey\Desktop\arpirantes\system\Database\BaseConnection.php(421): CodeIgniter\Database\MySQLi\Connection->connect(false)
#2 C:\Users\Jorge Andrey\Desktop\arpirantes\system\Database\BaseConnection.php(620): CodeIgniter\Database\BaseConnection->initialize()
#3 C:\Users\Jorge Andrey\Desktop\arpirantes\system\Database\BaseBuilder.php(1649): CodeIgniter\Database\BaseConnection->query('SELECT *\nFROM `...', Array, false)
#4 C:\Users\Jorge Andrey\Desktop\arpirantes\vendor\codeigniter4\settings\src\Handlers\DatabaseHandler.php(186): CodeIgniter\Database\BaseBuilder->get()
#5 C:\Users\Jorge Andrey\Desktop\arpirantes\vendor\codeigniter4\settings\src\Handlers\DatabaseHandler.php(51): CodeIgniter\Settings\Handlers\DatabaseHandler->hydrate(NULL)
#6 C:\Users\Jorge Andrey\Desktop\arpirantes\vendor\codeigniter4\settings\src\Settings.php(59): CodeIgniter\Settings\Handlers\DatabaseHandler->has('Config\\Auth', 'sessionConfig', NULL)
#7 C:\Users\Jorge Andrey\Desktop\arpirantes\vendor\codeigniter4\settings\src\Helpers\setting_helper.php(25): CodeIgniter\Settings\Settings->get('Auth.sessionCon...')
#8 C:\Users\Jorge Andrey\Desktop\arpirantes\vendor\codeigniter4\shield\src\Authentication\Authenticators\Session.php(685): setting('Auth.sessionCon...')
#9 C:\Users\Jorge Andrey\Desktop\arpirantes\vendor\codeigniter4\shield\src\Authentication\Authenticators\Session.php(703): CodeIgniter\Shield\Authentication\Authenticators\Session->getSessionUserInfo()
#10 C:\Users\Jorge Andrey\Desktop\arpirantes\vendor\codeigniter4\shield\src\Authentication\Authenticators\Session.php(390): CodeIgniter\Shield\Authentication\Authenticators\Session->getSessionUserKey('id')
#11 C:\Users\Jorge Andrey\Desktop\arpirantes\vendor\codeigniter4\shield\src\Authentication\Authenticators\Session.php(374): CodeIgniter\Shield\Authentication\Authenticators\Session->checkUserState()
#12 C:\Users\Jorge Andrey\Desktop\arpirantes\vendor\codeigniter4\shield\src\Auth.php(191): CodeIgniter\Shield\Authentication\Authenticators\Session->loggedIn()
#13 C:\Users\Jorge Andrey\Desktop\arpirantes\app\Controllers\Acceso.php(11): CodeIgniter\Shield\Auth->__call('loggedIn', Array)
#14 C:\Users\Jorge Andrey\Desktop\arpirantes\system\CodeIgniter.php(933): App\Controllers\Acceso->index()
#15 C:\Users\Jorge Andrey\Desktop\arpirantes\system\CodeIgniter.php(507): CodeIgniter\CodeIgniter->runController(Object(App\Controllers\Acceso))
#16 C:\Users\Jorge Andrey\Desktop\arpirantes\system\CodeIgniter.php(354): CodeIgniter\CodeIgniter->handleRequest(NULL, Object(Config\Cache), false)
#17 C:\Users\Jorge Andrey\Desktop\arpirantes\system\Boot.php(334): CodeIgniter\CodeIgniter->run()
#18 C:\Users\Jorge Andrey\Desktop\arpirantes\system\Boot.php(67): CodeIgniter\Boot::runCodeIgniter(Object(CodeIgniter\CodeIgniter))
#19 C:\Users\Jorge Andrey\Desktop\arpirantes\public\index.php(56): CodeIgniter\Boot::bootWeb(Object(Config\Paths))
#20 C:\Users\Jorge Andrey\Desktop\arpirantes\system\rewrite.php(44): require_once('C:\\Users\\Jorge ...')
#21 {main}

Next CodeIgniter\Database\Exceptions\DatabaseException: No se puede establecer una conexión ya que el equipo de destino denegó expresamente dicha conexión in C:\Users\Jorge Andrey\Desktop\arpirantes\system\Database\MySQLi\Connection.php:246
Stack trace:
#0 C:\Users\Jorge Andrey\Desktop\arpirantes\system\Database\BaseConnection.php(421): CodeIgniter\Database\MySQLi\Connection->connect(false)
#1 C:\Users\Jorge Andrey\Desktop\arpirantes\system\Database\BaseConnection.php(620): CodeIgniter\Database\BaseConnection->initialize()
#2 C:\Users\Jorge Andrey\Desktop\arpirantes\system\Database\BaseBuilder.php(1649): CodeIgniter\Database\BaseConnection->query('SELECT *\nFROM `...', Array, false)
#3 C:\Users\Jorge Andrey\Desktop\arpirantes\vendor\codeigniter4\settings\src\Handlers\DatabaseHandler.php(186): CodeIgniter\Database\BaseBuilder->get()
#4 C:\Users\Jorge Andrey\Desktop\arpirantes\vendor\codeigniter4\settings\src\Handlers\DatabaseHandler.php(51): CodeIgniter\Settings\Handlers\DatabaseHandler->hydrate(NULL)
#5 C:\Users\Jorge Andrey\Desktop\arpirantes\vendor\codeigniter4\settings\src\Settings.php(59): CodeIgniter\Settings\Handlers\DatabaseHandler->has('Config\\Auth', 'sessionConfig', NULL)
#6 C:\Users\Jorge Andrey\Desktop\arpirantes\vendor\codeigniter4\settings\src\Helpers\setting_helper.php(25): CodeIgniter\Settings\Settings->get('Auth.sessionCon...')
#7 C:\Users\Jorge Andrey\Desktop\arpirantes\vendor\codeigniter4\shield\src\Authentication\Authenticators\Session.php(685): setting('Auth.sessionCon...')
#8 C:\Users\Jorge Andrey\Desktop\arpirantes\vendor\codeigniter4\shield\src\Authentication\Authenticators\Session.php(703): CodeIgniter\Shield\Authentication\Authenticators\Session->getSessionUserInfo()
#9 C:\Users\Jorge Andrey\Desktop\arpirantes\vendor\codeigniter4\shield\src\Authentication\Authenticators\Session.php(390): CodeIgniter\Shield\Authentication\Authenticators\Session->getSessionUserKey('id')
#10 C:\Users\Jorge Andrey\Desktop\arpirantes\vendor\codeigniter4\shield\src\Authentication\Authenticators\Session.php(374): CodeIgniter\Shield\Authentication\Authenticators\Session->checkUserState()
#11 C:\Users\Jorge Andrey\Desktop\arpirantes\vendor\codeigniter4\shield\src\Auth.php(191): CodeIgniter\Shield\Authentication\Authenticators\Session->loggedIn()
#12 C:\Users\Jorge Andrey\Desktop\arpirantes\app\Controllers\Acceso.php(11): CodeIgniter\Shield\Auth->__call('loggedIn', Array)
#13 C:\Users\Jorge Andrey\Desktop\arpirantes\system\CodeIgniter.php(933): App\Controllers\Acceso->index()
#14 C:\Users\Jorge Andrey\Desktop\arpirantes\system\CodeIgniter.php(507): CodeIgniter\CodeIgniter->runController(Object(App\Controllers\Acceso))
#15 C:\Users\Jorge Andrey\Desktop\arpirantes\system\CodeIgniter.php(354): CodeIgniter\CodeIgniter->handleRequest(NULL, Object(Config\Cache), false)
#16 C:\Users\Jorge Andrey\Desktop\arpirantes\system\Boot.php(334): CodeIgniter\CodeIgniter->run()
#17 C:\Users\Jorge Andrey\Desktop\arpirantes\system\Boot.php(67): CodeIgniter\Boot::runCodeIgniter(Object(CodeIgniter\CodeIgniter))
#18 C:\Users\Jorge Andrey\Desktop\arpirantes\public\index.php(56): CodeIgniter\Boot::bootWeb(Object(Config\Paths))
#19 C:\Users\Jorge Andrey\Desktop\arpirantes\system\rewrite.php(44): require_once('C:\\Users\\Jorge ...')
#20 {main}
CRITICAL - 2025-07-02 18:57:33 --> CodeIgniter\Database\Exceptions\DatabaseException: Unable to connect to the database.
Main connection [MySQLi]: No se puede establecer una conexión ya que el equipo de destino denegó expresamente dicha conexión
[Method: GET, Route: /]
in SYSTEMPATH\Database\BaseConnection.php on line 467.
 1 SYSTEMPATH\Database\BaseConnection.php(620): CodeIgniter\Database\BaseConnection->initialize()
 2 SYSTEMPATH\Database\BaseBuilder.php(1649): CodeIgniter\Database\BaseConnection->query('SELECT *
FROM `settings`
WHERE `context` IS NULL', [], false)
 3 VENDORPATH\codeigniter4\settings\src\Handlers\DatabaseHandler.php(186): CodeIgniter\Database\BaseBuilder->get()
 4 VENDORPATH\codeigniter4\settings\src\Handlers\DatabaseHandler.php(51): CodeIgniter\Settings\Handlers\DatabaseHandler->hydrate(null)
 5 VENDORPATH\codeigniter4\settings\src\Settings.php(59): CodeIgniter\Settings\Handlers\DatabaseHandler->has('Config\\Auth', 'sessionConfig', null)
 6 VENDORPATH\codeigniter4\settings\src\Helpers\setting_helper.php(25): CodeIgniter\Settings\Settings->get('Auth.sessionConfig')
 7 VENDORPATH\codeigniter4\shield\src\Authentication\Authenticators\Session.php(685): setting('Auth.sessionConfig')
 8 VENDORPATH\codeigniter4\shield\src\Authentication\Authenticators\Session.php(703): CodeIgniter\Shield\Authentication\Authenticators\Session->getSessionUserInfo()
 9 VENDORPATH\codeigniter4\shield\src\Authentication\Authenticators\Session.php(390): CodeIgniter\Shield\Authentication\Authenticators\Session->getSessionUserKey('id')
10 VENDORPATH\codeigniter4\shield\src\Authentication\Authenticators\Session.php(374): CodeIgniter\Shield\Authentication\Authenticators\Session->checkUserState()
11 VENDORPATH\codeigniter4\shield\src\Auth.php(191): CodeIgniter\Shield\Authentication\Authenticators\Session->loggedIn()
12 APPPATH\Controllers\Acceso.php(11): CodeIgniter\Shield\Auth->__call('loggedIn', [])
13 SYSTEMPATH\CodeIgniter.php(933): App\Controllers\Acceso->index()
14 SYSTEMPATH\CodeIgniter.php(507): CodeIgniter\CodeIgniter->runController(Object(App\Controllers\Acceso))
15 SYSTEMPATH\CodeIgniter.php(354): CodeIgniter\CodeIgniter->handleRequest(null, Object(Config\Cache), false)
16 SYSTEMPATH\Boot.php(334): CodeIgniter\CodeIgniter->run()
17 SYSTEMPATH\Boot.php(67): CodeIgniter\Boot::runCodeIgniter(Object(CodeIgniter\CodeIgniter))
18 FCPATH\index.php(56): CodeIgniter\Boot::bootWeb(Object(Config\Paths))
19 SYSTEMPATH\rewrite.php(44): require_once('C:\\Users\\Jorge Andrey\\Desktop\\arpirantes\\public\\index.php')
CRITICAL - 2025-07-02 19:47:04 --> ErrorException: Undefined array key "id"
[Method: GET, Route: grupos/verAspirantes/1]
in APPPATH\Views\base\publico\aspirantes_por_grupo.php on line 18.
 1 APPPATH\Views\base\publico\aspirantes_por_grupo.php(18): CodeIgniter\Debug\Exceptions->errorHandler(2, 'Undefined array key "id"', 'C:\\Users\\Jorge Andrey\\Desktop\\arpirantes\\app\\Views\\base\\publico\\aspirantes_por_grupo.php', 18)
 2 SYSTEMPATH\View\View.php(224): include('C:\\Users\\Jorge Andrey\\Desktop\\arpirantes\\app\\Views\\base\\publico\\aspirantes_por_grupo.php')
 3 SYSTEMPATH\View\View.php(227): CodeIgniter\View\View->CodeIgniter\View\{closure}()
 4 SYSTEMPATH\Common.php(1173): CodeIgniter\View\View->render('base/publico/aspirantes_por_grupo', [], true)
 5 APPPATH\Controllers\Grupo.php(66): view('base/publico/aspirantes_por_grupo', [...])
 6 SYSTEMPATH\CodeIgniter.php(933): App\Controllers\Grupo->verAspirantes('1')
 7 SYSTEMPATH\CodeIgniter.php(507): CodeIgniter\CodeIgniter->runController(Object(App\Controllers\Grupo))
 8 SYSTEMPATH\CodeIgniter.php(354): CodeIgniter\CodeIgniter->handleRequest(null, Object(Config\Cache), false)
 9 SYSTEMPATH\Boot.php(334): CodeIgniter\CodeIgniter->run()
10 SYSTEMPATH\Boot.php(67): CodeIgniter\Boot::runCodeIgniter(Object(CodeIgniter\CodeIgniter))
11 FCPATH\index.php(56): CodeIgniter\Boot::bootWeb(Object(Config\Paths))
12 SYSTEMPATH\rewrite.php(44): require_once('C:\\Users\\Jorge Andrey\\Desktop\\arpirantes\\public\\index.php')
ERROR - 2025-07-02 20:11:01 --> mysqli_sql_exception: Unknown column 'aspirantes.aprobado' in 'field list' in C:\Users\Jorge Andrey\Desktop\arpirantes\system\Database\MySQLi\Connection.php:327
Stack trace:
#0 C:\Users\Jorge Andrey\Desktop\arpirantes\system\Database\MySQLi\Connection.php(327): mysqli->query('SELECT `aspiran...', 0)
#1 C:\Users\Jorge Andrey\Desktop\arpirantes\system\Database\BaseConnection.php(738): CodeIgniter\Database\MySQLi\Connection->execute('SELECT `aspiran...')
#2 C:\Users\Jorge Andrey\Desktop\arpirantes\system\Database\BaseConnection.php(652): CodeIgniter\Database\BaseConnection->simpleQuery('SELECT `aspiran...')
#3 C:\Users\Jorge Andrey\Desktop\arpirantes\system\Database\BaseBuilder.php(1649): CodeIgniter\Database\BaseConnection->query('SELECT `aspiran...', Array, false)
#4 C:\Users\Jorge Andrey\Desktop\arpirantes\system\Model.php(286): CodeIgniter\Database\BaseBuilder->get()
#5 C:\Users\Jorge Andrey\Desktop\arpirantes\system\BaseModel.php(675): CodeIgniter\Model->doFindAll(0, 0)
#6 C:\Users\Jorge Andrey\Desktop\arpirantes\app\Controllers\Grupo.php(59): CodeIgniter\BaseModel->findAll()
#7 C:\Users\Jorge Andrey\Desktop\arpirantes\system\CodeIgniter.php(933): App\Controllers\Grupo->verAspirantes('1')
#8 C:\Users\Jorge Andrey\Desktop\arpirantes\system\CodeIgniter.php(507): CodeIgniter\CodeIgniter->runController(Object(App\Controllers\Grupo))
#9 C:\Users\Jorge Andrey\Desktop\arpirantes\system\CodeIgniter.php(354): CodeIgniter\CodeIgniter->handleRequest(NULL, Object(Config\Cache), false)
#10 C:\Users\Jorge Andrey\Desktop\arpirantes\system\Boot.php(334): CodeIgniter\CodeIgniter->run()
#11 C:\Users\Jorge Andrey\Desktop\arpirantes\system\Boot.php(67): CodeIgniter\Boot::runCodeIgniter(Object(CodeIgniter\CodeIgniter))
#12 C:\Users\Jorge Andrey\Desktop\arpirantes\public\index.php(56): CodeIgniter\Boot::bootWeb(Object(Config\Paths))
#13 C:\Users\Jorge Andrey\Desktop\arpirantes\system\rewrite.php(44): require_once('C:\\Users\\Jorge ...')
#14 {main}
CRITICAL - 2025-07-02 20:11:01 --> CodeIgniter\Database\Exceptions\DatabaseException: Unknown column 'aspirantes.aprobado' in 'field list'
[Method: GET, Route: grupos/verAspirantes/1]
in SYSTEMPATH\Database\BaseConnection.php on line 692.
 1 SYSTEMPATH\Database\BaseBuilder.php(1649): CodeIgniter\Database\BaseConnection->query('SELECT `aspirantes`.`curp`, `aspirantes`.`nombre`, `aspirantes`.`primer_apellido`, `aspirantes`.`segundo_apellido`, `aspirantes`.`aprobado`, `sedes`.`nombre_sede` as `nombre_sede`, `carreras`.`nombre` AS `nombre_carrera`
FROM `aspirantes`
JOIN `sedes` ON `aspirantes`.`sede` = `sedes`.`id_sede`
JOIN `carreras` ON `aspirantes`.`carrera` = `carreras`.`id`
WHERE `grupo_nivelacion` = :grupo_nivelacion:', [...], false)
 2 SYSTEMPATH\Model.php(286): CodeIgniter\Database\BaseBuilder->get()
 3 SYSTEMPATH\BaseModel.php(675): CodeIgniter\Model->doFindAll(0, 0)
 4 APPPATH\Controllers\Grupo.php(59): CodeIgniter\BaseModel->findAll()
 5 SYSTEMPATH\CodeIgniter.php(933): App\Controllers\Grupo->verAspirantes('1')
 6 SYSTEMPATH\CodeIgniter.php(507): CodeIgniter\CodeIgniter->runController(Object(App\Controllers\Grupo))
 7 SYSTEMPATH\CodeIgniter.php(354): CodeIgniter\CodeIgniter->handleRequest(null, Object(Config\Cache), false)
 8 SYSTEMPATH\Boot.php(334): CodeIgniter\CodeIgniter->run()
 9 SYSTEMPATH\Boot.php(67): CodeIgniter\Boot::runCodeIgniter(Object(CodeIgniter\CodeIgniter))
10 FCPATH\index.php(56): CodeIgniter\Boot::bootWeb(Object(Config\Paths))
11 SYSTEMPATH\rewrite.php(44): require_once('C:\\Users\\Jorge Andrey\\Desktop\\arpirantes\\public\\index.php')
CRITICAL - 2025-07-02 20:11:01 --> [Caused by] CodeIgniter\Database\Exceptions\DatabaseException: Unknown column 'aspirantes.aprobado' in 'field list'
in SYSTEMPATH\Database\MySQLi\Connection.php on line 332.
 1 SYSTEMPATH\Database\BaseConnection.php(738): CodeIgniter\Database\MySQLi\Connection->execute('SELECT `aspirantes`.`curp`, `aspirantes`.`nombre`, `aspirantes`.`primer_apellido`, `aspirantes`.`segundo_apellido`, `aspirantes`.`aprobado`, `sedes`.`nombre_sede` as `nombre_sede`, `carreras`.`nombre` AS `nombre_carrera`
FROM `aspirantes`
JOIN `sedes` ON `aspirantes`.`sede` = `sedes`.`id_sede`
JOIN `carreras` ON `aspirantes`.`carrera` = `carreras`.`id`
WHERE `grupo_nivelacion` = \'1\'')
 2 SYSTEMPATH\Database\BaseConnection.php(652): CodeIgniter\Database\BaseConnection->simpleQuery('SELECT `aspirantes`.`curp`, `aspirantes`.`nombre`, `aspirantes`.`primer_apellido`, `aspirantes`.`segundo_apellido`, `aspirantes`.`aprobado`, `sedes`.`nombre_sede` as `nombre_sede`, `carreras`.`nombre` AS `nombre_carrera`
FROM `aspirantes`
JOIN `sedes` ON `aspirantes`.`sede` = `sedes`.`id_sede`
JOIN `carreras` ON `aspirantes`.`carrera` = `carreras`.`id`
WHERE `grupo_nivelacion` = \'1\'')
 3 SYSTEMPATH\Database\BaseBuilder.php(1649): CodeIgniter\Database\BaseConnection->query('SELECT `aspirantes`.`curp`, `aspirantes`.`nombre`, `aspirantes`.`primer_apellido`, `aspirantes`.`segundo_apellido`, `aspirantes`.`aprobado`, `sedes`.`nombre_sede` as `nombre_sede`, `carreras`.`nombre` AS `nombre_carrera`
FROM `aspirantes`
JOIN `sedes` ON `aspirantes`.`sede` = `sedes`.`id_sede`
JOIN `carreras` ON `aspirantes`.`carrera` = `carreras`.`id`
WHERE `grupo_nivelacion` = :grupo_nivelacion:', [...], false)
 4 SYSTEMPATH\Model.php(286): CodeIgniter\Database\BaseBuilder->get()
 5 SYSTEMPATH\BaseModel.php(675): CodeIgniter\Model->doFindAll(0, 0)
 6 APPPATH\Controllers\Grupo.php(59): CodeIgniter\BaseModel->findAll()
 7 SYSTEMPATH\CodeIgniter.php(933): App\Controllers\Grupo->verAspirantes('1')
 8 SYSTEMPATH\CodeIgniter.php(507): CodeIgniter\CodeIgniter->runController(Object(App\Controllers\Grupo))
 9 SYSTEMPATH\CodeIgniter.php(354): CodeIgniter\CodeIgniter->handleRequest(null, Object(Config\Cache), false)
10 SYSTEMPATH\Boot.php(334): CodeIgniter\CodeIgniter->run()
11 SYSTEMPATH\Boot.php(67): CodeIgniter\Boot::runCodeIgniter(Object(CodeIgniter\CodeIgniter))
12 FCPATH\index.php(56): CodeIgniter\Boot::bootWeb(Object(Config\Paths))
13 SYSTEMPATH\rewrite.php(44): require_once('C:\\Users\\Jorge Andrey\\Desktop\\arpirantes\\public\\index.php')
CRITICAL - 2025-07-02 20:11:01 --> [Caused by] mysqli_sql_exception: Unknown column 'aspirantes.aprobado' in 'field list'
in SYSTEMPATH\Database\MySQLi\Connection.php on line 327.
 1 SYSTEMPATH\Database\MySQLi\Connection.php(327): mysqli->query('SELECT `aspirantes`.`curp`, `aspirantes`.`nombre`, `aspirantes`.`primer_apellido`, `aspirantes`.`segundo_apellido`, `aspirantes`.`aprobado`, `sedes`.`nombre_sede` as `nombre_sede`, `carreras`.`nombre` AS `nombre_carrera`
FROM `aspirantes`
JOIN `sedes` ON `aspirantes`.`sede` = `sedes`.`id_sede`
JOIN `carreras` ON `aspirantes`.`carrera` = `carreras`.`id`
WHERE `grupo_nivelacion` = \'1\'', 0)
 2 SYSTEMPATH\Database\BaseConnection.php(738): CodeIgniter\Database\MySQLi\Connection->execute('SELECT `aspirantes`.`curp`, `aspirantes`.`nombre`, `aspirantes`.`primer_apellido`, `aspirantes`.`segundo_apellido`, `aspirantes`.`aprobado`, `sedes`.`nombre_sede` as `nombre_sede`, `carreras`.`nombre` AS `nombre_carrera`
FROM `aspirantes`
JOIN `sedes` ON `aspirantes`.`sede` = `sedes`.`id_sede`
JOIN `carreras` ON `aspirantes`.`carrera` = `carreras`.`id`
WHERE `grupo_nivelacion` = \'1\'')
 3 SYSTEMPATH\Database\BaseConnection.php(652): CodeIgniter\Database\BaseConnection->simpleQuery('SELECT `aspirantes`.`curp`, `aspirantes`.`nombre`, `aspirantes`.`primer_apellido`, `aspirantes`.`segundo_apellido`, `aspirantes`.`aprobado`, `sedes`.`nombre_sede` as `nombre_sede`, `carreras`.`nombre` AS `nombre_carrera`
FROM `aspirantes`
JOIN `sedes` ON `aspirantes`.`sede` = `sedes`.`id_sede`
JOIN `carreras` ON `aspirantes`.`carrera` = `carreras`.`id`
WHERE `grupo_nivelacion` = \'1\'')
 4 SYSTEMPATH\Database\BaseBuilder.php(1649): CodeIgniter\Database\BaseConnection->query('SELECT `aspirantes`.`curp`, `aspirantes`.`nombre`, `aspirantes`.`primer_apellido`, `aspirantes`.`segundo_apellido`, `aspirantes`.`aprobado`, `sedes`.`nombre_sede` as `nombre_sede`, `carreras`.`nombre` AS `nombre_carrera`
FROM `aspirantes`
JOIN `sedes` ON `aspirantes`.`sede` = `sedes`.`id_sede`
JOIN `carreras` ON `aspirantes`.`carrera` = `carreras`.`id`
WHERE `grupo_nivelacion` = :grupo_nivelacion:', [...], false)
 5 SYSTEMPATH\Model.php(286): CodeIgniter\Database\BaseBuilder->get()
 6 SYSTEMPATH\BaseModel.php(675): CodeIgniter\Model->doFindAll(0, 0)
 7 APPPATH\Controllers\Grupo.php(59): CodeIgniter\BaseModel->findAll()
 8 SYSTEMPATH\CodeIgniter.php(933): App\Controllers\Grupo->verAspirantes('1')
 9 SYSTEMPATH\CodeIgniter.php(507): CodeIgniter\CodeIgniter->runController(Object(App\Controllers\Grupo))
10 SYSTEMPATH\CodeIgniter.php(354): CodeIgniter\CodeIgniter->handleRequest(null, Object(Config\Cache), false)
11 SYSTEMPATH\Boot.php(334): CodeIgniter\CodeIgniter->run()
12 SYSTEMPATH\Boot.php(67): CodeIgniter\Boot::runCodeIgniter(Object(CodeIgniter\CodeIgniter))
13 FCPATH\index.php(56): CodeIgniter\Boot::bootWeb(Object(Config\Paths))
14 SYSTEMPATH\rewrite.php(44): require_once('C:\\Users\\Jorge Andrey\\Desktop\\arpirantes\\public\\index.php')
CRITICAL - 2025-07-02 20:18:58 --> CodeIgniter\Database\Exceptions\DataException: There is no data to update.
[Method: POST, Route: grupos/guardar_aprobados]
in SYSTEMPATH\BaseModel.php on line 1010.
 1 SYSTEMPATH\BaseModel.php(1010): CodeIgniter\Database\Exceptions\DataException::forEmptyDataset('update')
 2 SYSTEMPATH\Model.php(863): CodeIgniter\BaseModel->update(null, [])
 3 APPPATH\Controllers\Grupo.php(75): CodeIgniter\Model->update()
 4 SYSTEMPATH\CodeIgniter.php(933): App\Controllers\Grupo->guardarAprobados()
 5 SYSTEMPATH\CodeIgniter.php(507): CodeIgniter\CodeIgniter->runController(Object(App\Controllers\Grupo))
 6 SYSTEMPATH\CodeIgniter.php(354): CodeIgniter\CodeIgniter->handleRequest(null, Object(Config\Cache), false)
 7 SYSTEMPATH\Boot.php(334): CodeIgniter\CodeIgniter->run()
 8 SYSTEMPATH\Boot.php(67): CodeIgniter\Boot::runCodeIgniter(Object(CodeIgniter\CodeIgniter))
 9 FCPATH\index.php(56): CodeIgniter\Boot::bootWeb(Object(Config\Paths))
10 SYSTEMPATH\rewrite.php(44): require_once('C:\\Users\\Jorge Andrey\\Desktop\\arpirantes\\public\\index.php')
CRITICAL - 2025-07-02 20:31:57 --> Error: Class "Dompdf\Dompdf" not found
[Method: GET, Route: grupos/exportar_aprobados]
in APPPATH\Controllers\Grupo.php on line 89.
 1 SYSTEMPATH\CodeIgniter.php(933): App\Controllers\Grupo->exportarPDF()
 2 SYSTEMPATH\CodeIgniter.php(507): CodeIgniter\CodeIgniter->runController(Object(App\Controllers\Grupo))
 3 SYSTEMPATH\CodeIgniter.php(354): CodeIgniter\CodeIgniter->handleRequest(null, Object(Config\Cache), false)
 4 SYSTEMPATH\Boot.php(334): CodeIgniter\CodeIgniter->run()
 5 SYSTEMPATH\Boot.php(67): CodeIgniter\Boot::runCodeIgniter(Object(CodeIgniter\CodeIgniter))
 6 FCPATH\index.php(56): CodeIgniter\Boot::bootWeb(Object(Config\Paths))
 7 SYSTEMPATH\rewrite.php(44): require_once('C:\\Users\\Jorge Andrey\\Desktop\\arpirantes\\public\\index.php')
CRITICAL - 2025-07-02 20:32:05 --> CodeIgniter\Database\Exceptions\DataException: There is no data to update.
[Method: POST, Route: grupos/guardar_aprobados]
in SYSTEMPATH\BaseModel.php on line 1010.
 1 SYSTEMPATH\BaseModel.php(1010): CodeIgniter\Database\Exceptions\DataException::forEmptyDataset('update')
 2 SYSTEMPATH\Model.php(863): CodeIgniter\BaseModel->update(null, [])
 3 APPPATH\Controllers\Grupo.php(76): CodeIgniter\Model->update()
 4 SYSTEMPATH\CodeIgniter.php(933): App\Controllers\Grupo->guardarAprobados()
 5 SYSTEMPATH\CodeIgniter.php(507): CodeIgniter\CodeIgniter->runController(Object(App\Controllers\Grupo))
 6 SYSTEMPATH\CodeIgniter.php(354): CodeIgniter\CodeIgniter->handleRequest(null, Object(Config\Cache), false)
 7 SYSTEMPATH\Boot.php(334): CodeIgniter\CodeIgniter->run()
 8 SYSTEMPATH\Boot.php(67): CodeIgniter\Boot::runCodeIgniter(Object(CodeIgniter\CodeIgniter))
 9 FCPATH\index.php(56): CodeIgniter\Boot::bootWeb(Object(Config\Paths))
10 SYSTEMPATH\rewrite.php(44): require_once('C:\\Users\\Jorge Andrey\\Desktop\\arpirantes\\public\\index.php')
CRITICAL - 2025-07-02 20:35:30 --> CodeIgniter\Database\Exceptions\DataException: There is no data to update.
[Method: POST, Route: grupos/guardar_aprobados]
in SYSTEMPATH\BaseModel.php on line 1010.
 1 SYSTEMPATH\BaseModel.php(1010): CodeIgniter\Database\Exceptions\DataException::forEmptyDataset('update')
 2 SYSTEMPATH\Model.php(863): CodeIgniter\BaseModel->update(null, [])
 3 APPPATH\Controllers\Grupo.php(75): CodeIgniter\Model->update()
 4 SYSTEMPATH\CodeIgniter.php(933): App\Controllers\Grupo->guardarAprobados()
 5 SYSTEMPATH\CodeIgniter.php(507): CodeIgniter\CodeIgniter->runController(Object(App\Controllers\Grupo))
 6 SYSTEMPATH\CodeIgniter.php(354): CodeIgniter\CodeIgniter->handleRequest(null, Object(Config\Cache), false)
 7 SYSTEMPATH\Boot.php(334): CodeIgniter\CodeIgniter->run()
 8 SYSTEMPATH\Boot.php(67): CodeIgniter\Boot::runCodeIgniter(Object(CodeIgniter\CodeIgniter))
 9 FCPATH\index.php(56): CodeIgniter\Boot::bootWeb(Object(Config\Paths))
10 SYSTEMPATH\rewrite.php(44): require_once('C:\\Users\\Jorge Andrey\\Desktop\\arpirantes\\public\\index.php')
CRITICAL - 2025-07-02 20:36:52 --> CodeIgniter\Database\Exceptions\DataException: There is no data to update.
[Method: POST, Route: grupos/guardar_aprobados]
in SYSTEMPATH\BaseModel.php on line 1010.
 1 SYSTEMPATH\BaseModel.php(1010): CodeIgniter\Database\Exceptions\DataException::forEmptyDataset('update')
 2 SYSTEMPATH\Model.php(863): CodeIgniter\BaseModel->update(null, [])
 3 APPPATH\Controllers\Grupo.php(75): CodeIgniter\Model->update()
 4 SYSTEMPATH\CodeIgniter.php(933): App\Controllers\Grupo->guardarAprobados()
 5 SYSTEMPATH\CodeIgniter.php(507): CodeIgniter\CodeIgniter->runController(Object(App\Controllers\Grupo))
 6 SYSTEMPATH\CodeIgniter.php(354): CodeIgniter\CodeIgniter->handleRequest(null, Object(Config\Cache), false)
 7 SYSTEMPATH\Boot.php(334): CodeIgniter\CodeIgniter->run()
 8 SYSTEMPATH\Boot.php(67): CodeIgniter\Boot::runCodeIgniter(Object(CodeIgniter\CodeIgniter))
 9 FCPATH\index.php(56): CodeIgniter\Boot::bootWeb(Object(Config\Paths))
10 SYSTEMPATH\rewrite.php(44): require_once('C:\\Users\\Jorge Andrey\\Desktop\\arpirantes\\public\\index.php')
CRITICAL - 2025-07-02 20:56:53 --> CodeIgniter\Database\Exceptions\DataException: There is no data to update.
[Method: POST, Route: grupo/guardar_aprobados]
in SYSTEMPATH\BaseModel.php on line 1010.
 1 SYSTEMPATH\BaseModel.php(1010): CodeIgniter\Database\Exceptions\DataException::forEmptyDataset('update')
 2 SYSTEMPATH\Model.php(863): CodeIgniter\BaseModel->update(null, [])
 3 APPPATH\Controllers\Grupo.php(78): CodeIgniter\Model->update()
 4 SYSTEMPATH\CodeIgniter.php(933): App\Controllers\Grupo->guardar_aprobados()
 5 SYSTEMPATH\CodeIgniter.php(507): CodeIgniter\CodeIgniter->runController(Object(App\Controllers\Grupo))
 6 SYSTEMPATH\CodeIgniter.php(354): CodeIgniter\CodeIgniter->handleRequest(null, Object(Config\Cache), false)
 7 SYSTEMPATH\Boot.php(334): CodeIgniter\CodeIgniter->run()
 8 SYSTEMPATH\Boot.php(67): CodeIgniter\Boot::runCodeIgniter(Object(CodeIgniter\CodeIgniter))
 9 FCPATH\index.php(56): CodeIgniter\Boot::bootWeb(Object(Config\Paths))
10 SYSTEMPATH\rewrite.php(44): require_once('C:\\Users\\Jorge Andrey\\Desktop\\arpirantes\\public\\index.php')
CRITICAL - 2025-07-02 21:11:09 --> ErrorException: Undefined array key "nombre"
[Method: POST, Route: grupo/guardar_aprobados]
in APPPATH\Controllers\Grupo.php on line 98.
 1 APPPATH\Controllers\Grupo.php(98): CodeIgniter\Debug\Exceptions->errorHandler(2, 'Undefined array key "nombre"', 'C:\\Users\\Jorge Andrey\\Desktop\\arpirantes\\app\\Controllers\\Grupo.php', 98)
 2 SYSTEMPATH\CodeIgniter.php(933): App\Controllers\Grupo->guardar_aprobados()
 3 SYSTEMPATH\CodeIgniter.php(507): CodeIgniter\CodeIgniter->runController(Object(App\Controllers\Grupo))
 4 SYSTEMPATH\CodeIgniter.php(354): CodeIgniter\CodeIgniter->handleRequest(null, Object(Config\Cache), false)
 5 SYSTEMPATH\Boot.php(334): CodeIgniter\CodeIgniter->run()
 6 SYSTEMPATH\Boot.php(67): CodeIgniter\Boot::runCodeIgniter(Object(CodeIgniter\CodeIgniter))
 7 FCPATH\index.php(56): CodeIgniter\Boot::bootWeb(Object(Config\Paths))
 8 SYSTEMPATH\rewrite.php(44): require_once('C:\\Users\\Jorge Andrey\\Desktop\\arpirantes\\public\\index.php')
CRITICAL - 2025-07-02 21:34:24 --> CodeIgniter\View\Exceptions\ViewException: Invalid file: "pdf/aspirantes_aprobados.php"
[Method: GET, Route: grupo/exportar_aprobados/1]
in SYSTEMPATH\Exceptions\FrameworkException.php on line 39.
 1 SYSTEMPATH\View\View.php(212): CodeIgniter\Exceptions\FrameworkException::forInvalidFile('pdf/aspirantes_aprobados.php')
 2 SYSTEMPATH\Common.php(1173): CodeIgniter\View\View->render('pdf/aspirantes_aprobados', [], true)
 3 APPPATH\Controllers\Grupo.php(108): view('pdf/aspirantes_aprobados', [...])
 4 SYSTEMPATH\CodeIgniter.php(933): App\Controllers\Grupo->exportarPDF('1')
 5 SYSTEMPATH\CodeIgniter.php(507): CodeIgniter\CodeIgniter->runController(Object(App\Controllers\Grupo))
 6 SYSTEMPATH\CodeIgniter.php(354): CodeIgniter\CodeIgniter->handleRequest(null, Object(Config\Cache), false)
 7 SYSTEMPATH\Boot.php(334): CodeIgniter\CodeIgniter->run()
 8 SYSTEMPATH\Boot.php(67): CodeIgniter\Boot::runCodeIgniter(Object(CodeIgniter\CodeIgniter))
 9 FCPATH\index.php(56): CodeIgniter\Boot::bootWeb(Object(Config\Paths))
10 SYSTEMPATH\rewrite.php(44): require_once('C:\\Users\\Jorge Andrey\\Desktop\\arpirantes\\public\\index.php')
CRITICAL - 2025-07-02 21:41:30 --> Error: Class "Dompdf\Options" not found
[Method: GET, Route: grupo/exportar_aprobados/1]
in APPPATH\Controllers\Grupo.php on line 114.
 1 SYSTEMPATH\CodeIgniter.php(933): App\Controllers\Grupo->exportarPDF('1')
 2 SYSTEMPATH\CodeIgniter.php(507): CodeIgniter\CodeIgniter->runController(Object(App\Controllers\Grupo))
 3 SYSTEMPATH\CodeIgniter.php(354): CodeIgniter\CodeIgniter->handleRequest(null, Object(Config\Cache), false)
 4 SYSTEMPATH\Boot.php(334): CodeIgniter\CodeIgniter->run()
 5 SYSTEMPATH\Boot.php(67): CodeIgniter\Boot::runCodeIgniter(Object(CodeIgniter\CodeIgniter))
 6 FCPATH\index.php(56): CodeIgniter\Boot::bootWeb(Object(Config\Paths))
 7 SYSTEMPATH\rewrite.php(44): require_once('C:\\Users\\Jorge Andrey\\Desktop\\arpirantes\\public\\index.php')
CRITICAL - 2025-07-02 21:46:33 --> Error: Class "Dompdf\Dompdf" not found
[Method: GET, Route: grupo/exportar_aprobados/1]
in APPPATH\Controllers\Grupo.php on line 110.
 1 SYSTEMPATH\CodeIgniter.php(933): App\Controllers\Grupo->exportarPDF('1')
 2 SYSTEMPATH\CodeIgniter.php(507): CodeIgniter\CodeIgniter->runController(Object(App\Controllers\Grupo))
 3 SYSTEMPATH\CodeIgniter.php(354): CodeIgniter\CodeIgniter->handleRequest(null, Object(Config\Cache), false)
 4 SYSTEMPATH\Boot.php(334): CodeIgniter\CodeIgniter->run()
 5 SYSTEMPATH\Boot.php(67): CodeIgniter\Boot::runCodeIgniter(Object(CodeIgniter\CodeIgniter))
 6 FCPATH\index.php(56): CodeIgniter\Boot::bootWeb(Object(Config\Paths))
 7 SYSTEMPATH\rewrite.php(44): require_once('C:\\Users\\Jorge Andrey\\Desktop\\arpirantes\\public\\index.php')
CRITICAL - 2025-07-02 22:44:45 --> ErrorException: require_once(C:\Users\Jorge Andrey\Desktop\arpirantes\app\Libraries/dompdf/autoload.inc.php): Failed to open stream: No such file or directory
[Method: GET, Route: grupos/verAspirantes/1]
in APPPATH\Controllers\Grupo.php on line 4.
 1 APPPATH\Controllers\Grupo.php(4): CodeIgniter\Debug\Exceptions->errorHandler(2, 'require_once(C:\\Users\\Jorge Andrey\\Desktop\\arpirantes\\app\\Libraries/dompdf/autoload.inc.php): Failed to open stream: No such file or directory', 'C:\\Users\\Jorge Andrey\\Desktop\\arpirantes\\app\\Controllers\\Grupo.php', 4)
 2 APPPATH\Controllers\Grupo.php(4): require_once()
 3 SYSTEMPATH\Autoloader\Autoloader.php(316): include_once('C:\\Users\\Jorge Andrey\\Desktop\\arpirantes\\app\\Controllers\\Grupo.php')
 4 SYSTEMPATH\Autoloader\Autoloader.php(295): CodeIgniter\Autoloader\Autoloader->includeFile('C:\\Users\\Jorge Andrey\\Desktop\\arpirantes\\app\\Controllers\\Grupo.php')
 5 SYSTEMPATH\Autoloader\Autoloader.php(271): CodeIgniter\Autoloader\Autoloader->loadInNamespace('App\\Controllers\\Grupo')
 6 [internal function]: CodeIgniter\Autoloader\Autoloader->loadClass('App\\Controllers\\Grupo')
 7 SYSTEMPATH\CodeIgniter.php(885): class_exists('\\App\\Controllers\\Grupo', true)
 8 SYSTEMPATH\CodeIgniter.php(494): CodeIgniter\CodeIgniter->startController()
 9 SYSTEMPATH\CodeIgniter.php(354): CodeIgniter\CodeIgniter->handleRequest(null, Object(Config\Cache), false)
10 SYSTEMPATH\Boot.php(334): CodeIgniter\CodeIgniter->run()
11 SYSTEMPATH\Boot.php(67): CodeIgniter\Boot::runCodeIgniter(Object(CodeIgniter\CodeIgniter))
12 FCPATH\index.php(56): CodeIgniter\Boot::bootWeb(Object(Config\Paths))
13 SYSTEMPATH\rewrite.php(44): require_once('C:\\Users\\Jorge Andrey\\Desktop\\arpirantes\\public\\index.php')
CRITICAL - 2025-07-02 22:45:30 --> Error: Class "Dompdf\Options" not found
[Method: GET, Route: grupo/exportar_aprobados/1]
in APPPATH\Controllers\Grupo.php on line 116.
 1 SYSTEMPATH\CodeIgniter.php(933): App\Controllers\Grupo->exportarPDF('1')
 2 SYSTEMPATH\CodeIgniter.php(507): CodeIgniter\CodeIgniter->runController(Object(App\Controllers\Grupo))
 3 SYSTEMPATH\CodeIgniter.php(354): CodeIgniter\CodeIgniter->handleRequest(null, Object(Config\Cache), false)
 4 SYSTEMPATH\Boot.php(334): CodeIgniter\CodeIgniter->run()
 5 SYSTEMPATH\Boot.php(67): CodeIgniter\Boot::runCodeIgniter(Object(CodeIgniter\CodeIgniter))
 6 FCPATH\index.php(56): CodeIgniter\Boot::bootWeb(Object(Config\Paths))
 7 SYSTEMPATH\rewrite.php(44): require_once('C:\\Users\\Jorge Andrey\\Desktop\\arpirantes\\public\\index.php')
CRITICAL - 2025-07-02 22:46:26 --> ErrorException: require_once(C:\Users\Jorge Andrey\Desktop\arpirantes\app\Libraries/dompdf/autoload.inc.php): Failed to open stream: No such file or directory
[Method: GET, Route: grupos/verAspirantes/1]
in APPPATH\Controllers\Grupo.php on line 6.
 1 APPPATH\Controllers\Grupo.php(6): CodeIgniter\Debug\Exceptions->errorHandler(2, 'require_once(C:\\Users\\Jorge Andrey\\Desktop\\arpirantes\\app\\Libraries/dompdf/autoload.inc.php): Failed to open stream: No such file or directory', 'C:\\Users\\Jorge Andrey\\Desktop\\arpirantes\\app\\Controllers\\Grupo.php', 6)
 2 APPPATH\Controllers\Grupo.php(6): require_once()
 3 SYSTEMPATH\Autoloader\Autoloader.php(316): include_once('C:\\Users\\Jorge Andrey\\Desktop\\arpirantes\\app\\Controllers\\Grupo.php')
 4 SYSTEMPATH\Autoloader\Autoloader.php(295): CodeIgniter\Autoloader\Autoloader->includeFile('C:\\Users\\Jorge Andrey\\Desktop\\arpirantes\\app\\Controllers\\Grupo.php')
 5 SYSTEMPATH\Autoloader\Autoloader.php(271): CodeIgniter\Autoloader\Autoloader->loadInNamespace('App\\Controllers\\Grupo')
 6 [internal function]: CodeIgniter\Autoloader\Autoloader->loadClass('App\\Controllers\\Grupo')
 7 SYSTEMPATH\CodeIgniter.php(885): class_exists('\\App\\Controllers\\Grupo', true)
 8 SYSTEMPATH\CodeIgniter.php(494): CodeIgniter\CodeIgniter->startController()
 9 SYSTEMPATH\CodeIgniter.php(354): CodeIgniter\CodeIgniter->handleRequest(null, Object(Config\Cache), false)
10 SYSTEMPATH\Boot.php(334): CodeIgniter\CodeIgniter->run()
11 SYSTEMPATH\Boot.php(67): CodeIgniter\Boot::runCodeIgniter(Object(CodeIgniter\CodeIgniter))
12 FCPATH\index.php(56): CodeIgniter\Boot::bootWeb(Object(Config\Paths))
13 SYSTEMPATH\rewrite.php(44): require_once('C:\\Users\\Jorge Andrey\\Desktop\\arpirantes\\public\\index.php')
CRITICAL - 2025-07-02 23:04:02 --> ErrorException: ini_set(): Session ini settings cannot be changed after headers have already been sent
[Method: GET, Route: grupo/exportar_aprobados/1]
in SYSTEMPATH\Session\Handlers\FileHandler.php on line 74.
 1 [internal function]: CodeIgniter\Debug\Exceptions->errorHandler(2, 'ini_set(): Session ini settings cannot be changed after headers have already been sent', 'C:\\Users\\Jorge Andrey\\Desktop\\arpirantes\\system\\Session\\Handlers\\FileHandler.php', 74)
 2 SYSTEMPATH\Session\Handlers\FileHandler.php(74): ini_set('session.save_path', 'C:\\Users\\Jorge Andrey\\Desktop\\arpirantes\\writable\\session')
 3 SYSTEMPATH\Config\Services.php(697): CodeIgniter\Session\Handlers\FileHandler->__construct(Object(Config\Session), '::1')
 4 SYSTEMPATH\Config\BaseService.php(312): CodeIgniter\Config\Services::session(Object(Config\Session), false)
 5 SYSTEMPATH\Config\BaseService.php(251): CodeIgniter\Config\BaseService::__callStatic('session', [...])
 6 SYSTEMPATH\Config\Services.php(668): CodeIgniter\Config\BaseService::getSharedInstance('session', null)
 7 SYSTEMPATH\Config\BaseService.php(321): CodeIgniter\Config\Services::session()
 8 SYSTEMPATH\Config\BaseService.php(202): CodeIgniter\Config\BaseService::__callStatic('session', [])
 9 SYSTEMPATH\Common.php(1000): CodeIgniter\Config\BaseService::get('session')
10 SYSTEMPATH\Common.php(973): service('session')
11 VENDORPATH\codeigniter4\shield\src\Authentication\Authenticators\Session.php(685): session('user')
12 VENDORPATH\codeigniter4\shield\src\Authentication\Authenticators\Session.php(703): CodeIgniter\Shield\Authentication\Authenticators\Session->getSessionUserInfo()
13 VENDORPATH\codeigniter4\shield\src\Authentication\Authenticators\Session.php(390): CodeIgniter\Shield\Authentication\Authenticators\Session->getSessionUserKey('id')
14 VENDORPATH\codeigniter4\shield\src\Authentication\Authenticators\Session.php(374): CodeIgniter\Shield\Authentication\Authenticators\Session->checkUserState()
15 VENDORPATH\codeigniter4\shield\src\Auth.php(191): CodeIgniter\Shield\Authentication\Authenticators\Session->loggedIn()
16 VENDORPATH\codeigniter4\shield\src\Collectors\Auth.php(76): CodeIgniter\Shield\Auth->__call('loggedIn', [])
17 SYSTEMPATH\Debug\Toolbar\Collectors\BaseCollector.php(228): CodeIgniter\Shield\Collectors\Auth->display()
18 SYSTEMPATH\Debug\Toolbar.php(95): CodeIgniter\Debug\Toolbar\Collectors\BaseCollector->getAsArray()
19 SYSTEMPATH\Debug\Toolbar.php(390): CodeIgniter\Debug\Toolbar->run(1751519041.868198, 0.4587, Object(CodeIgniter\HTTP\IncomingRequest), Object(CodeIgniter\HTTP\Response))
20 SYSTEMPATH\Filters\DebugToolbar.php(44): CodeIgniter\Debug\Toolbar->prepare(Object(CodeIgniter\HTTP\IncomingRequest), Object(CodeIgniter\HTTP\Response))
21 SYSTEMPATH\Filters\Filters.php(278): CodeIgniter\Filters\DebugToolbar->after(Object(CodeIgniter\HTTP\IncomingRequest), Object(CodeIgniter\HTTP\Response), null)
22 SYSTEMPATH\Filters\Filters.php(364): CodeIgniter\Filters\Filters->runAfter([...])
23 SYSTEMPATH\CodeIgniter.php(407): CodeIgniter\Filters\Filters->runRequired('after')
24 SYSTEMPATH\CodeIgniter.php(368): CodeIgniter\CodeIgniter->runRequiredAfterFilters(Object(CodeIgniter\Filters\Filters))
25 SYSTEMPATH\Boot.php(334): CodeIgniter\CodeIgniter->run()
26 SYSTEMPATH\Boot.php(67): CodeIgniter\Boot::runCodeIgniter(Object(CodeIgniter\CodeIgniter))
27 FCPATH\index.php(56): CodeIgniter\Boot::bootWeb(Object(Config\Paths))
28 SYSTEMPATH\rewrite.php(44): require_once('C:\\Users\\Jorge Andrey\\Desktop\\arpirantes\\public\\index.php')
CRITICAL - 2025-07-02 23:04:07 --> ErrorException: ini_set(): Session ini settings cannot be changed after headers have already been sent
[Method: GET, Route: grupo/exportar_aprobados/1]
in SYSTEMPATH\Session\Handlers\FileHandler.php on line 74.
 1 [internal function]: CodeIgniter\Debug\Exceptions->errorHandler(2, 'ini_set(): Session ini settings cannot be changed after headers have already been sent', 'C:\\Users\\Jorge Andrey\\Desktop\\arpirantes\\system\\Session\\Handlers\\FileHandler.php', 74)
 2 SYSTEMPATH\Session\Handlers\FileHandler.php(74): ini_set('session.save_path', 'C:\\Users\\Jorge Andrey\\Desktop\\arpirantes\\writable\\session')
 3 SYSTEMPATH\Config\Services.php(697): CodeIgniter\Session\Handlers\FileHandler->__construct(Object(Config\Session), '::1')
 4 SYSTEMPATH\Config\BaseService.php(312): CodeIgniter\Config\Services::session(Object(Config\Session), false)
 5 SYSTEMPATH\Config\BaseService.php(251): CodeIgniter\Config\BaseService::__callStatic('session', [...])
 6 SYSTEMPATH\Config\Services.php(668): CodeIgniter\Config\BaseService::getSharedInstance('session', null)
 7 SYSTEMPATH\Config\BaseService.php(321): CodeIgniter\Config\Services::session()
 8 SYSTEMPATH\Config\BaseService.php(202): CodeIgniter\Config\BaseService::__callStatic('session', [])
 9 SYSTEMPATH\Common.php(1000): CodeIgniter\Config\BaseService::get('session')
10 SYSTEMPATH\Common.php(973): service('session')
11 VENDORPATH\codeigniter4\shield\src\Authentication\Authenticators\Session.php(685): session('user')
12 VENDORPATH\codeigniter4\shield\src\Authentication\Authenticators\Session.php(703): CodeIgniter\Shield\Authentication\Authenticators\Session->getSessionUserInfo()
13 VENDORPATH\codeigniter4\shield\src\Authentication\Authenticators\Session.php(390): CodeIgniter\Shield\Authentication\Authenticators\Session->getSessionUserKey('id')
14 VENDORPATH\codeigniter4\shield\src\Authentication\Authenticators\Session.php(374): CodeIgniter\Shield\Authentication\Authenticators\Session->checkUserState()
15 VENDORPATH\codeigniter4\shield\src\Auth.php(191): CodeIgniter\Shield\Authentication\Authenticators\Session->loggedIn()
16 VENDORPATH\codeigniter4\shield\src\Collectors\Auth.php(76): CodeIgniter\Shield\Auth->__call('loggedIn', [])
17 SYSTEMPATH\Debug\Toolbar\Collectors\BaseCollector.php(228): CodeIgniter\Shield\Collectors\Auth->display()
18 SYSTEMPATH\Debug\Toolbar.php(95): CodeIgniter\Debug\Toolbar\Collectors\BaseCollector->getAsArray()
19 SYSTEMPATH\Debug\Toolbar.php(390): CodeIgniter\Debug\Toolbar->run(1751519046.905647, 0.4046, Object(CodeIgniter\HTTP\IncomingRequest), Object(CodeIgniter\HTTP\Response))
20 SYSTEMPATH\Filters\DebugToolbar.php(44): CodeIgniter\Debug\Toolbar->prepare(Object(CodeIgniter\HTTP\IncomingRequest), Object(CodeIgniter\HTTP\Response))
21 SYSTEMPATH\Filters\Filters.php(278): CodeIgniter\Filters\DebugToolbar->after(Object(CodeIgniter\HTTP\IncomingRequest), Object(CodeIgniter\HTTP\Response), null)
22 SYSTEMPATH\Filters\Filters.php(364): CodeIgniter\Filters\Filters->runAfter([...])
23 SYSTEMPATH\CodeIgniter.php(407): CodeIgniter\Filters\Filters->runRequired('after')
24 SYSTEMPATH\CodeIgniter.php(368): CodeIgniter\CodeIgniter->runRequiredAfterFilters(Object(CodeIgniter\Filters\Filters))
25 SYSTEMPATH\Boot.php(334): CodeIgniter\CodeIgniter->run()
26 SYSTEMPATH\Boot.php(67): CodeIgniter\Boot::runCodeIgniter(Object(CodeIgniter\CodeIgniter))
27 FCPATH\index.php(56): CodeIgniter\Boot::bootWeb(Object(Config\Paths))
28 SYSTEMPATH\rewrite.php(44): require_once('C:\\Users\\Jorge Andrey\\Desktop\\arpirantes\\public\\index.php')
CRITICAL - 2025-07-02 23:08:04 --> ErrorException: Undefined variable $aprobados
[Method: GET, Route: grupo/exportar_aprobados/1]
in APPPATH\Views\base\publico\pdf_aprobados.php on line 43.
 1 APPPATH\Views\base\publico\pdf_aprobados.php(43): CodeIgniter\Debug\Exceptions->errorHandler(2, 'Undefined variable $aprobados', 'C:\\Users\\Jorge Andrey\\Desktop\\arpirantes\\app\\Views\\base\\publico\\pdf_aprobados.php', 43)
 2 SYSTEMPATH\View\View.php(224): include('C:\\Users\\Jorge Andrey\\Desktop\\arpirantes\\app\\Views\\base\\publico\\pdf_aprobados.php')
 3 SYSTEMPATH\View\View.php(227): CodeIgniter\View\View->CodeIgniter\View\{closure}()
 4 SYSTEMPATH\Common.php(1173): CodeIgniter\View\View->render('base/publico/pdf_aprobados', [], true)
 5 APPPATH\Controllers\Grupo.php(113): view('base/publico/pdf_aprobados', [...])
 6 SYSTEMPATH\CodeIgniter.php(933): App\Controllers\Grupo->exportarPDF('1')
 7 SYSTEMPATH\CodeIgniter.php(507): CodeIgniter\CodeIgniter->runController(Object(App\Controllers\Grupo))
 8 SYSTEMPATH\CodeIgniter.php(354): CodeIgniter\CodeIgniter->handleRequest(null, Object(Config\Cache), false)
 9 SYSTEMPATH\Boot.php(334): CodeIgniter\CodeIgniter->run()
10 SYSTEMPATH\Boot.php(67): CodeIgniter\Boot::runCodeIgniter(Object(CodeIgniter\CodeIgniter))
11 FCPATH\index.php(56): CodeIgniter\Boot::bootWeb(Object(Config\Paths))
12 SYSTEMPATH\rewrite.php(44): require_once('C:\\Users\\Jorge Andrey\\Desktop\\arpirantes\\public\\index.php')
CRITICAL - 2025-07-02 23:08:45 --> ErrorException: Attempt to read property "nombre" on array
[Method: GET, Route: grupo/exportar_aprobados/1]
in APPPATH\Views\base\publico\pdf_aprobados.php on line 13.
 1 APPPATH\Views\base\publico\pdf_aprobados.php(13): CodeIgniter\Debug\Exceptions->errorHandler(2, 'Attempt to read property "nombre" on array', 'C:\\Users\\Jorge Andrey\\Desktop\\arpirantes\\app\\Views\\base\\publico\\pdf_aprobados.php', 13)
 2 SYSTEMPATH\View\View.php(224): include('C:\\Users\\Jorge Andrey\\Desktop\\arpirantes\\app\\Views\\base\\publico\\pdf_aprobados.php')
 3 SYSTEMPATH\View\View.php(227): CodeIgniter\View\View->CodeIgniter\View\{closure}()
 4 SYSTEMPATH\Common.php(1173): CodeIgniter\View\View->render('base/publico/pdf_aprobados', [], true)
 5 APPPATH\Controllers\Grupo.php(113): view('base/publico/pdf_aprobados', [...])
 6 SYSTEMPATH\CodeIgniter.php(933): App\Controllers\Grupo->exportarPDF('1')
 7 SYSTEMPATH\CodeIgniter.php(507): CodeIgniter\CodeIgniter->runController(Object(App\Controllers\Grupo))
 8 SYSTEMPATH\CodeIgniter.php(354): CodeIgniter\CodeIgniter->handleRequest(null, Object(Config\Cache), false)
 9 SYSTEMPATH\Boot.php(334): CodeIgniter\CodeIgniter->run()
10 SYSTEMPATH\Boot.php(67): CodeIgniter\Boot::runCodeIgniter(Object(CodeIgniter\CodeIgniter))
11 FCPATH\index.php(56): CodeIgniter\Boot::bootWeb(Object(Config\Paths))
12 SYSTEMPATH\rewrite.php(44): require_once('C:\\Users\\Jorge Andrey\\Desktop\\arpirantes\\public\\index.php')
CRITICAL - 2025-07-02 23:10:46 --> ErrorException: Attempt to read property "curp" on array
[Method: GET, Route: grupo/exportar_aprobados/1]
in APPPATH\Views\base\publico\pdf_aprobados.php on line 25.
 1 APPPATH\Views\base\publico\pdf_aprobados.php(25): CodeIgniter\Debug\Exceptions->errorHandler(2, 'Attempt to read property "curp" on array', 'C:\\Users\\Jorge Andrey\\Desktop\\arpirantes\\app\\Views\\base\\publico\\pdf_aprobados.php', 25)
 2 SYSTEMPATH\View\View.php(224): include('C:\\Users\\Jorge Andrey\\Desktop\\arpirantes\\app\\Views\\base\\publico\\pdf_aprobados.php')
 3 SYSTEMPATH\View\View.php(227): CodeIgniter\View\View->CodeIgniter\View\{closure}()
 4 SYSTEMPATH\Common.php(1173): CodeIgniter\View\View->render('base/publico/pdf_aprobados', [], true)
 5 APPPATH\Controllers\Grupo.php(113): view('base/publico/pdf_aprobados', [...])
 6 SYSTEMPATH\CodeIgniter.php(933): App\Controllers\Grupo->exportarPDF('1')
 7 SYSTEMPATH\CodeIgniter.php(507): CodeIgniter\CodeIgniter->runController(Object(App\Controllers\Grupo))
 8 SYSTEMPATH\CodeIgniter.php(354): CodeIgniter\CodeIgniter->handleRequest(null, Object(Config\Cache), false)
 9 SYSTEMPATH\Boot.php(334): CodeIgniter\CodeIgniter->run()
10 SYSTEMPATH\Boot.php(67): CodeIgniter\Boot::runCodeIgniter(Object(CodeIgniter\CodeIgniter))
11 FCPATH\index.php(56): CodeIgniter\Boot::bootWeb(Object(Config\Paths))
12 SYSTEMPATH\rewrite.php(44): require_once('C:\\Users\\Jorge Andrey\\Desktop\\arpirantes\\public\\index.php')
CRITICAL - 2025-07-02 23:11:32 --> ErrorException: Undefined variable $aprobados
[Method: GET, Route: grupo/exportar_aprobados/1]
in APPPATH\Views\base\publico\pdf_aprobados.php on line 43.
 1 APPPATH\Views\base\publico\pdf_aprobados.php(43): CodeIgniter\Debug\Exceptions->errorHandler(2, 'Undefined variable $aprobados', 'C:\\Users\\Jorge Andrey\\Desktop\\arpirantes\\app\\Views\\base\\publico\\pdf_aprobados.php', 43)
 2 SYSTEMPATH\View\View.php(224): include('C:\\Users\\Jorge Andrey\\Desktop\\arpirantes\\app\\Views\\base\\publico\\pdf_aprobados.php')
 3 SYSTEMPATH\View\View.php(227): CodeIgniter\View\View->CodeIgniter\View\{closure}()
 4 SYSTEMPATH\Common.php(1173): CodeIgniter\View\View->render('base/publico/pdf_aprobados', [], true)
 5 APPPATH\Controllers\Grupo.php(113): view('base/publico/pdf_aprobados', [...])
 6 SYSTEMPATH\CodeIgniter.php(933): App\Controllers\Grupo->exportarPDF('1')
 7 SYSTEMPATH\CodeIgniter.php(507): CodeIgniter\CodeIgniter->runController(Object(App\Controllers\Grupo))
 8 SYSTEMPATH\CodeIgniter.php(354): CodeIgniter\CodeIgniter->handleRequest(null, Object(Config\Cache), false)
 9 SYSTEMPATH\Boot.php(334): CodeIgniter\CodeIgniter->run()
10 SYSTEMPATH\Boot.php(67): CodeIgniter\Boot::runCodeIgniter(Object(CodeIgniter\CodeIgniter))
11 FCPATH\index.php(56): CodeIgniter\Boot::bootWeb(Object(Config\Paths))
12 SYSTEMPATH\rewrite.php(44): require_once('C:\\Users\\Jorge Andrey\\Desktop\\arpirantes\\public\\index.php')
CRITICAL - 2025-07-02 23:14:38 --> ErrorException: Undefined array key "carrera"
[Method: GET, Route: grupo/exportar_aprobados/1]
in APPPATH\Views\base\publico\pdf_aprobados.php on line 47.
 1 APPPATH\Views\base\publico\pdf_aprobados.php(47): CodeIgniter\Debug\Exceptions->errorHandler(2, 'Undefined array key "carrera"', 'C:\\Users\\Jorge Andrey\\Desktop\\arpirantes\\app\\Views\\base\\publico\\pdf_aprobados.php', 47)
 2 SYSTEMPATH\View\View.php(224): include('C:\\Users\\Jorge Andrey\\Desktop\\arpirantes\\app\\Views\\base\\publico\\pdf_aprobados.php')
 3 SYSTEMPATH\View\View.php(227): CodeIgniter\View\View->CodeIgniter\View\{closure}()
 4 SYSTEMPATH\Common.php(1173): CodeIgniter\View\View->render('base/publico/pdf_aprobados', [], true)
 5 APPPATH\Controllers\Grupo.php(113): view('base/publico/pdf_aprobados', [...])
 6 SYSTEMPATH\CodeIgniter.php(933): App\Controllers\Grupo->exportarPDF('1')
 7 SYSTEMPATH\CodeIgniter.php(507): CodeIgniter\CodeIgniter->runController(Object(App\Controllers\Grupo))
 8 SYSTEMPATH\CodeIgniter.php(354): CodeIgniter\CodeIgniter->handleRequest(null, Object(Config\Cache), false)
 9 SYSTEMPATH\Boot.php(334): CodeIgniter\CodeIgniter->run()
10 SYSTEMPATH\Boot.php(67): CodeIgniter\Boot::runCodeIgniter(Object(CodeIgniter\CodeIgniter))
11 FCPATH\index.php(56): CodeIgniter\Boot::bootWeb(Object(Config\Paths))
12 SYSTEMPATH\rewrite.php(44): require_once('C:\\Users\\Jorge Andrey\\Desktop\\arpirantes\\public\\index.php')
CRITICAL - 2025-07-02 23:15:03 --> ErrorException: ini_set(): Session ini settings cannot be changed after headers have already been sent
[Method: GET, Route: grupo/exportar_aprobados/1]
in SYSTEMPATH\Session\Handlers\FileHandler.php on line 74.
 1 [internal function]: CodeIgniter\Debug\Exceptions->errorHandler(2, 'ini_set(): Session ini settings cannot be changed after headers have already been sent', 'C:\\Users\\Jorge Andrey\\Desktop\\arpirantes\\system\\Session\\Handlers\\FileHandler.php', 74)
 2 SYSTEMPATH\Session\Handlers\FileHandler.php(74): ini_set('session.save_path', 'C:\\Users\\Jorge Andrey\\Desktop\\arpirantes\\writable\\session')
 3 SYSTEMPATH\Config\Services.php(697): CodeIgniter\Session\Handlers\FileHandler->__construct(Object(Config\Session), '::1')
 4 SYSTEMPATH\Config\BaseService.php(312): CodeIgniter\Config\Services::session(Object(Config\Session), false)
 5 SYSTEMPATH\Config\BaseService.php(251): CodeIgniter\Config\BaseService::__callStatic('session', [...])
 6 SYSTEMPATH\Config\Services.php(668): CodeIgniter\Config\BaseService::getSharedInstance('session', null)
 7 SYSTEMPATH\Config\BaseService.php(321): CodeIgniter\Config\Services::session()
 8 SYSTEMPATH\Config\BaseService.php(202): CodeIgniter\Config\BaseService::__callStatic('session', [])
 9 SYSTEMPATH\Common.php(1000): CodeIgniter\Config\BaseService::get('session')
10 SYSTEMPATH\Common.php(973): service('session')
11 VENDORPATH\codeigniter4\shield\src\Authentication\Authenticators\Session.php(685): session('user')
12 VENDORPATH\codeigniter4\shield\src\Authentication\Authenticators\Session.php(703): CodeIgniter\Shield\Authentication\Authenticators\Session->getSessionUserInfo()
13 VENDORPATH\codeigniter4\shield\src\Authentication\Authenticators\Session.php(390): CodeIgniter\Shield\Authentication\Authenticators\Session->getSessionUserKey('id')
14 VENDORPATH\codeigniter4\shield\src\Authentication\Authenticators\Session.php(374): CodeIgniter\Shield\Authentication\Authenticators\Session->checkUserState()
15 VENDORPATH\codeigniter4\shield\src\Auth.php(191): CodeIgniter\Shield\Authentication\Authenticators\Session->loggedIn()
16 VENDORPATH\codeigniter4\shield\src\Collectors\Auth.php(76): CodeIgniter\Shield\Auth->__call('loggedIn', [])
17 SYSTEMPATH\Debug\Toolbar\Collectors\BaseCollector.php(228): CodeIgniter\Shield\Collectors\Auth->display()
18 SYSTEMPATH\Debug\Toolbar.php(95): CodeIgniter\Debug\Toolbar\Collectors\BaseCollector->getAsArray()
19 SYSTEMPATH\Debug\Toolbar.php(390): CodeIgniter\Debug\Toolbar->run(1751519702.435567, 0.5502, Object(CodeIgniter\HTTP\IncomingRequest), Object(CodeIgniter\HTTP\Response))
20 SYSTEMPATH\Filters\DebugToolbar.php(44): CodeIgniter\Debug\Toolbar->prepare(Object(CodeIgniter\HTTP\IncomingRequest), Object(CodeIgniter\HTTP\Response))
21 SYSTEMPATH\Filters\Filters.php(278): CodeIgniter\Filters\DebugToolbar->after(Object(CodeIgniter\HTTP\IncomingRequest), Object(CodeIgniter\HTTP\Response), null)
22 SYSTEMPATH\Filters\Filters.php(364): CodeIgniter\Filters\Filters->runAfter([...])
23 SYSTEMPATH\CodeIgniter.php(407): CodeIgniter\Filters\Filters->runRequired('after')
24 SYSTEMPATH\CodeIgniter.php(368): CodeIgniter\CodeIgniter->runRequiredAfterFilters(Object(CodeIgniter\Filters\Filters))
25 SYSTEMPATH\Boot.php(334): CodeIgniter\CodeIgniter->run()
26 SYSTEMPATH\Boot.php(67): CodeIgniter\Boot::runCodeIgniter(Object(CodeIgniter\CodeIgniter))
27 FCPATH\index.php(56): CodeIgniter\Boot::bootWeb(Object(Config\Paths))
28 SYSTEMPATH\rewrite.php(44): require_once('C:\\Users\\Jorge Andrey\\Desktop\\arpirantes\\public\\index.php')
CRITICAL - 2025-07-02 23:15:03 --> ErrorException: ini_set(): Session ini settings cannot be changed after headers have already been sent
[Method: GET, Route: grupo/exportar_aprobados/1]
in SYSTEMPATH\Session\Handlers\FileHandler.php on line 74.
 1 [internal function]: CodeIgniter\Debug\Exceptions->errorHandler(2, 'ini_set(): Session ini settings cannot be changed after headers have already been sent', 'C:\\Users\\Jorge Andrey\\Desktop\\arpirantes\\system\\Session\\Handlers\\FileHandler.php', 74)
 2 SYSTEMPATH\Session\Handlers\FileHandler.php(74): ini_set('session.save_path', 'C:\\Users\\Jorge Andrey\\Desktop\\arpirantes\\writable\\session')
 3 SYSTEMPATH\Config\Services.php(697): CodeIgniter\Session\Handlers\FileHandler->__construct(Object(Config\Session), '::1')
 4 SYSTEMPATH\Config\BaseService.php(312): CodeIgniter\Config\Services::session(Object(Config\Session), false)
 5 SYSTEMPATH\Config\BaseService.php(251): CodeIgniter\Config\BaseService::__callStatic('session', [...])
 6 SYSTEMPATH\Config\Services.php(668): CodeIgniter\Config\BaseService::getSharedInstance('session', null)
 7 SYSTEMPATH\Config\BaseService.php(321): CodeIgniter\Config\Services::session()
 8 SYSTEMPATH\Config\BaseService.php(202): CodeIgniter\Config\BaseService::__callStatic('session', [])
 9 SYSTEMPATH\Common.php(1000): CodeIgniter\Config\BaseService::get('session')
10 SYSTEMPATH\Common.php(973): service('session')
11 VENDORPATH\codeigniter4\shield\src\Authentication\Authenticators\Session.php(685): session('user')
12 VENDORPATH\codeigniter4\shield\src\Authentication\Authenticators\Session.php(703): CodeIgniter\Shield\Authentication\Authenticators\Session->getSessionUserInfo()
13 VENDORPATH\codeigniter4\shield\src\Authentication\Authenticators\Session.php(390): CodeIgniter\Shield\Authentication\Authenticators\Session->getSessionUserKey('id')
14 VENDORPATH\codeigniter4\shield\src\Authentication\Authenticators\Session.php(374): CodeIgniter\Shield\Authentication\Authenticators\Session->checkUserState()
15 VENDORPATH\codeigniter4\shield\src\Auth.php(191): CodeIgniter\Shield\Authentication\Authenticators\Session->loggedIn()
16 VENDORPATH\codeigniter4\shield\src\Collectors\Auth.php(76): CodeIgniter\Shield\Auth->__call('loggedIn', [])
17 SYSTEMPATH\Debug\Toolbar\Collectors\BaseCollector.php(228): CodeIgniter\Shield\Collectors\Auth->display()
18 SYSTEMPATH\Debug\Toolbar.php(95): CodeIgniter\Debug\Toolbar\Collectors\BaseCollector->getAsArray()
19 SYSTEMPATH\Debug\Toolbar.php(390): CodeIgniter\Debug\Toolbar->run(1751519703.519303, 0.3659, Object(CodeIgniter\HTTP\IncomingRequest), Object(CodeIgniter\HTTP\Response))
20 SYSTEMPATH\Filters\DebugToolbar.php(44): CodeIgniter\Debug\Toolbar->prepare(Object(CodeIgniter\HTTP\IncomingRequest), Object(CodeIgniter\HTTP\Response))
21 SYSTEMPATH\Filters\Filters.php(278): CodeIgniter\Filters\DebugToolbar->after(Object(CodeIgniter\HTTP\IncomingRequest), Object(CodeIgniter\HTTP\Response), null)
22 SYSTEMPATH\Filters\Filters.php(364): CodeIgniter\Filters\Filters->runAfter([...])
23 SYSTEMPATH\CodeIgniter.php(407): CodeIgniter\Filters\Filters->runRequired('after')
24 SYSTEMPATH\CodeIgniter.php(368): CodeIgniter\CodeIgniter->runRequiredAfterFilters(Object(CodeIgniter\Filters\Filters))
25 SYSTEMPATH\Boot.php(334): CodeIgniter\CodeIgniter->run()
26 SYSTEMPATH\Boot.php(67): CodeIgniter\Boot::runCodeIgniter(Object(CodeIgniter\CodeIgniter))
27 FCPATH\index.php(56): CodeIgniter\Boot::bootWeb(Object(Config\Paths))
28 SYSTEMPATH\rewrite.php(44): require_once('C:\\Users\\Jorge Andrey\\Desktop\\arpirantes\\public\\index.php')
CRITICAL - 2025-07-02 23:15:58 --> ErrorException: ini_set(): Session ini settings cannot be changed after headers have already been sent
[Method: GET, Route: grupo/exportar_aprobados/1]
in SYSTEMPATH\Session\Handlers\FileHandler.php on line 74.
 1 [internal function]: CodeIgniter\Debug\Exceptions->errorHandler(2, 'ini_set(): Session ini settings cannot be changed after headers have already been sent', 'C:\\Users\\Jorge Andrey\\Desktop\\arpirantes\\system\\Session\\Handlers\\FileHandler.php', 74)
 2 SYSTEMPATH\Session\Handlers\FileHandler.php(74): ini_set('session.save_path', 'C:\\Users\\Jorge Andrey\\Desktop\\arpirantes\\writable\\session')
 3 SYSTEMPATH\Config\Services.php(697): CodeIgniter\Session\Handlers\FileHandler->__construct(Object(Config\Session), '::1')
 4 SYSTEMPATH\Config\BaseService.php(312): CodeIgniter\Config\Services::session(Object(Config\Session), false)
 5 SYSTEMPATH\Config\BaseService.php(251): CodeIgniter\Config\BaseService::__callStatic('session', [...])
 6 SYSTEMPATH\Config\Services.php(668): CodeIgniter\Config\BaseService::getSharedInstance('session', null)
 7 SYSTEMPATH\Config\BaseService.php(321): CodeIgniter\Config\Services::session()
 8 SYSTEMPATH\Config\BaseService.php(202): CodeIgniter\Config\BaseService::__callStatic('session', [])
 9 SYSTEMPATH\Common.php(1000): CodeIgniter\Config\BaseService::get('session')
10 SYSTEMPATH\Common.php(973): service('session')
11 VENDORPATH\codeigniter4\shield\src\Authentication\Authenticators\Session.php(685): session('user')
12 VENDORPATH\codeigniter4\shield\src\Authentication\Authenticators\Session.php(703): CodeIgniter\Shield\Authentication\Authenticators\Session->getSessionUserInfo()
13 VENDORPATH\codeigniter4\shield\src\Authentication\Authenticators\Session.php(390): CodeIgniter\Shield\Authentication\Authenticators\Session->getSessionUserKey('id')
14 VENDORPATH\codeigniter4\shield\src\Authentication\Authenticators\Session.php(374): CodeIgniter\Shield\Authentication\Authenticators\Session->checkUserState()
15 VENDORPATH\codeigniter4\shield\src\Auth.php(191): CodeIgniter\Shield\Authentication\Authenticators\Session->loggedIn()
16 VENDORPATH\codeigniter4\shield\src\Collectors\Auth.php(76): CodeIgniter\Shield\Auth->__call('loggedIn', [])
17 SYSTEMPATH\Debug\Toolbar\Collectors\BaseCollector.php(228): CodeIgniter\Shield\Collectors\Auth->display()
18 SYSTEMPATH\Debug\Toolbar.php(95): CodeIgniter\Debug\Toolbar\Collectors\BaseCollector->getAsArray()
19 SYSTEMPATH\Debug\Toolbar.php(390): CodeIgniter\Debug\Toolbar->run(1751519758.416941, 0.4426, Object(CodeIgniter\HTTP\IncomingRequest), Object(CodeIgniter\HTTP\Response))
20 SYSTEMPATH\Filters\DebugToolbar.php(44): CodeIgniter\Debug\Toolbar->prepare(Object(CodeIgniter\HTTP\IncomingRequest), Object(CodeIgniter\HTTP\Response))
21 SYSTEMPATH\Filters\Filters.php(278): CodeIgniter\Filters\DebugToolbar->after(Object(CodeIgniter\HTTP\IncomingRequest), Object(CodeIgniter\HTTP\Response), null)
22 SYSTEMPATH\Filters\Filters.php(364): CodeIgniter\Filters\Filters->runAfter([...])
23 SYSTEMPATH\CodeIgniter.php(407): CodeIgniter\Filters\Filters->runRequired('after')
24 SYSTEMPATH\CodeIgniter.php(368): CodeIgniter\CodeIgniter->runRequiredAfterFilters(Object(CodeIgniter\Filters\Filters))
25 SYSTEMPATH\Boot.php(334): CodeIgniter\CodeIgniter->run()
26 SYSTEMPATH\Boot.php(67): CodeIgniter\Boot::runCodeIgniter(Object(CodeIgniter\CodeIgniter))
27 FCPATH\index.php(56): CodeIgniter\Boot::bootWeb(Object(Config\Paths))
28 SYSTEMPATH\rewrite.php(44): require_once('C:\\Users\\Jorge Andrey\\Desktop\\arpirantes\\public\\index.php')
CRITICAL - 2025-07-02 23:15:59 --> ErrorException: ini_set(): Session ini settings cannot be changed after headers have already been sent
[Method: GET, Route: grupo/exportar_aprobados/1]
in SYSTEMPATH\Session\Handlers\FileHandler.php on line 74.
 1 [internal function]: CodeIgniter\Debug\Exceptions->errorHandler(2, 'ini_set(): Session ini settings cannot be changed after headers have already been sent', 'C:\\Users\\Jorge Andrey\\Desktop\\arpirantes\\system\\Session\\Handlers\\FileHandler.php', 74)
 2 SYSTEMPATH\Session\Handlers\FileHandler.php(74): ini_set('session.save_path', 'C:\\Users\\Jorge Andrey\\Desktop\\arpirantes\\writable\\session')
 3 SYSTEMPATH\Config\Services.php(697): CodeIgniter\Session\Handlers\FileHandler->__construct(Object(Config\Session), '::1')
 4 SYSTEMPATH\Config\BaseService.php(312): CodeIgniter\Config\Services::session(Object(Config\Session), false)
 5 SYSTEMPATH\Config\BaseService.php(251): CodeIgniter\Config\BaseService::__callStatic('session', [...])
 6 SYSTEMPATH\Config\Services.php(668): CodeIgniter\Config\BaseService::getSharedInstance('session', null)
 7 SYSTEMPATH\Config\BaseService.php(321): CodeIgniter\Config\Services::session()
 8 SYSTEMPATH\Config\BaseService.php(202): CodeIgniter\Config\BaseService::__callStatic('session', [])
 9 SYSTEMPATH\Common.php(1000): CodeIgniter\Config\BaseService::get('session')
10 SYSTEMPATH\Common.php(973): service('session')
11 VENDORPATH\codeigniter4\shield\src\Authentication\Authenticators\Session.php(685): session('user')
12 VENDORPATH\codeigniter4\shield\src\Authentication\Authenticators\Session.php(703): CodeIgniter\Shield\Authentication\Authenticators\Session->getSessionUserInfo()
13 VENDORPATH\codeigniter4\shield\src\Authentication\Authenticators\Session.php(390): CodeIgniter\Shield\Authentication\Authenticators\Session->getSessionUserKey('id')
14 VENDORPATH\codeigniter4\shield\src\Authentication\Authenticators\Session.php(374): CodeIgniter\Shield\Authentication\Authenticators\Session->checkUserState()
15 VENDORPATH\codeigniter4\shield\src\Auth.php(191): CodeIgniter\Shield\Authentication\Authenticators\Session->loggedIn()
16 VENDORPATH\codeigniter4\shield\src\Collectors\Auth.php(76): CodeIgniter\Shield\Auth->__call('loggedIn', [])
17 SYSTEMPATH\Debug\Toolbar\Collectors\BaseCollector.php(228): CodeIgniter\Shield\Collectors\Auth->display()
18 SYSTEMPATH\Debug\Toolbar.php(95): CodeIgniter\Debug\Toolbar\Collectors\BaseCollector->getAsArray()
19 SYSTEMPATH\Debug\Toolbar.php(390): CodeIgniter\Debug\Toolbar->run(1751519759.344629, 0.385, Object(CodeIgniter\HTTP\IncomingRequest), Object(CodeIgniter\HTTP\Response))
20 SYSTEMPATH\Filters\DebugToolbar.php(44): CodeIgniter\Debug\Toolbar->prepare(Object(CodeIgniter\HTTP\IncomingRequest), Object(CodeIgniter\HTTP\Response))
21 SYSTEMPATH\Filters\Filters.php(278): CodeIgniter\Filters\DebugToolbar->after(Object(CodeIgniter\HTTP\IncomingRequest), Object(CodeIgniter\HTTP\Response), null)
22 SYSTEMPATH\Filters\Filters.php(364): CodeIgniter\Filters\Filters->runAfter([...])
23 SYSTEMPATH\CodeIgniter.php(407): CodeIgniter\Filters\Filters->runRequired('after')
24 SYSTEMPATH\CodeIgniter.php(368): CodeIgniter\CodeIgniter->runRequiredAfterFilters(Object(CodeIgniter\Filters\Filters))
25 SYSTEMPATH\Boot.php(334): CodeIgniter\CodeIgniter->run()
26 SYSTEMPATH\Boot.php(67): CodeIgniter\Boot::runCodeIgniter(Object(CodeIgniter\CodeIgniter))
27 FCPATH\index.php(56): CodeIgniter\Boot::bootWeb(Object(Config\Paths))
28 SYSTEMPATH\rewrite.php(44): require_once('C:\\Users\\Jorge Andrey\\Desktop\\arpirantes\\public\\index.php')
CRITICAL - 2025-07-02 23:20:59 --> ErrorException: Attempt to read property "nombre" on array
[Method: GET, Route: grupo/exportar_aprobados/1]
in APPPATH\Controllers\Grupo.php on line 128.
 1 APPPATH\Controllers\Grupo.php(128): CodeIgniter\Debug\Exceptions->errorHandler(2, 'Attempt to read property "nombre" on array', 'C:\\Users\\Jorge Andrey\\Desktop\\arpirantes\\app\\Controllers\\Grupo.php', 128)
 2 SYSTEMPATH\CodeIgniter.php(933): App\Controllers\Grupo->exportarPDF('1')
 3 SYSTEMPATH\CodeIgniter.php(507): CodeIgniter\CodeIgniter->runController(Object(App\Controllers\Grupo))
 4 SYSTEMPATH\CodeIgniter.php(354): CodeIgniter\CodeIgniter->handleRequest(null, Object(Config\Cache), false)
 5 SYSTEMPATH\Boot.php(334): CodeIgniter\CodeIgniter->run()
 6 SYSTEMPATH\Boot.php(67): CodeIgniter\Boot::runCodeIgniter(Object(CodeIgniter\CodeIgniter))
 7 FCPATH\index.php(56): CodeIgniter\Boot::bootWeb(Object(Config\Paths))
 8 SYSTEMPATH\rewrite.php(44): require_once('C:\\Users\\Jorge Andrey\\Desktop\\arpirantes\\public\\index.php')
CRITICAL - 2025-07-02 23:21:55 --> ErrorException: Attempt to read property "nombre" on array
[Method: GET, Route: grupo/exportar_aprobados/1]
in APPPATH\Controllers\Grupo.php on line 128.
 1 APPPATH\Controllers\Grupo.php(128): CodeIgniter\Debug\Exceptions->errorHandler(2, 'Attempt to read property "nombre" on array', 'C:\\Users\\Jorge Andrey\\Desktop\\arpirantes\\app\\Controllers\\Grupo.php', 128)
 2 SYSTEMPATH\CodeIgniter.php(933): App\Controllers\Grupo->exportarPDF('1')
 3 SYSTEMPATH\CodeIgniter.php(507): CodeIgniter\CodeIgniter->runController(Object(App\Controllers\Grupo))
 4 SYSTEMPATH\CodeIgniter.php(354): CodeIgniter\CodeIgniter->handleRequest(null, Object(Config\Cache), false)
 5 SYSTEMPATH\Boot.php(334): CodeIgniter\CodeIgniter->run()
 6 SYSTEMPATH\Boot.php(67): CodeIgniter\Boot::runCodeIgniter(Object(CodeIgniter\CodeIgniter))
 7 FCPATH\index.php(56): CodeIgniter\Boot::bootWeb(Object(Config\Paths))
 8 SYSTEMPATH\rewrite.php(44): require_once('C:\\Users\\Jorge Andrey\\Desktop\\arpirantes\\public\\index.php')
CRITICAL - 2025-07-02 23:22:41 --> ErrorException: ini_set(): Session ini settings cannot be changed after headers have already been sent
[Method: GET, Route: grupo/exportar_aprobados/1]
in SYSTEMPATH\Session\Handlers\FileHandler.php on line 74.
 1 [internal function]: CodeIgniter\Debug\Exceptions->errorHandler(2, 'ini_set(): Session ini settings cannot be changed after headers have already been sent', 'C:\\Users\\Jorge Andrey\\Desktop\\arpirantes\\system\\Session\\Handlers\\FileHandler.php', 74)
 2 SYSTEMPATH\Session\Handlers\FileHandler.php(74): ini_set('session.save_path', 'C:\\Users\\Jorge Andrey\\Desktop\\arpirantes\\writable\\session')
 3 SYSTEMPATH\Config\Services.php(697): CodeIgniter\Session\Handlers\FileHandler->__construct(Object(Config\Session), '::1')
 4 SYSTEMPATH\Config\BaseService.php(312): CodeIgniter\Config\Services::session(Object(Config\Session), false)
 5 SYSTEMPATH\Config\BaseService.php(251): CodeIgniter\Config\BaseService::__callStatic('session', [...])
 6 SYSTEMPATH\Config\Services.php(668): CodeIgniter\Config\BaseService::getSharedInstance('session', null)
 7 SYSTEMPATH\Config\BaseService.php(321): CodeIgniter\Config\Services::session()
 8 SYSTEMPATH\Config\BaseService.php(202): CodeIgniter\Config\BaseService::__callStatic('session', [])
 9 SYSTEMPATH\Common.php(1000): CodeIgniter\Config\BaseService::get('session')
10 SYSTEMPATH\Common.php(973): service('session')
11 VENDORPATH\codeigniter4\shield\src\Authentication\Authenticators\Session.php(685): session('user')
12 VENDORPATH\codeigniter4\shield\src\Authentication\Authenticators\Session.php(703): CodeIgniter\Shield\Authentication\Authenticators\Session->getSessionUserInfo()
13 VENDORPATH\codeigniter4\shield\src\Authentication\Authenticators\Session.php(390): CodeIgniter\Shield\Authentication\Authenticators\Session->getSessionUserKey('id')
14 VENDORPATH\codeigniter4\shield\src\Authentication\Authenticators\Session.php(374): CodeIgniter\Shield\Authentication\Authenticators\Session->checkUserState()
15 VENDORPATH\codeigniter4\shield\src\Auth.php(191): CodeIgniter\Shield\Authentication\Authenticators\Session->loggedIn()
16 VENDORPATH\codeigniter4\shield\src\Collectors\Auth.php(76): CodeIgniter\Shield\Auth->__call('loggedIn', [])
17 SYSTEMPATH\Debug\Toolbar\Collectors\BaseCollector.php(228): CodeIgniter\Shield\Collectors\Auth->display()
18 SYSTEMPATH\Debug\Toolbar.php(95): CodeIgniter\Debug\Toolbar\Collectors\BaseCollector->getAsArray()
19 SYSTEMPATH\Debug\Toolbar.php(390): CodeIgniter\Debug\Toolbar->run(1751520160.815301, 0.5161, Object(CodeIgniter\HTTP\IncomingRequest), Object(CodeIgniter\HTTP\Response))
20 SYSTEMPATH\Filters\DebugToolbar.php(44): CodeIgniter\Debug\Toolbar->prepare(Object(CodeIgniter\HTTP\IncomingRequest), Object(CodeIgniter\HTTP\Response))
21 SYSTEMPATH\Filters\Filters.php(278): CodeIgniter\Filters\DebugToolbar->after(Object(CodeIgniter\HTTP\IncomingRequest), Object(CodeIgniter\HTTP\Response), null)
22 SYSTEMPATH\Filters\Filters.php(364): CodeIgniter\Filters\Filters->runAfter([...])
23 SYSTEMPATH\CodeIgniter.php(407): CodeIgniter\Filters\Filters->runRequired('after')
24 SYSTEMPATH\CodeIgniter.php(368): CodeIgniter\CodeIgniter->runRequiredAfterFilters(Object(CodeIgniter\Filters\Filters))
25 SYSTEMPATH\Boot.php(334): CodeIgniter\CodeIgniter->run()
26 SYSTEMPATH\Boot.php(67): CodeIgniter\Boot::runCodeIgniter(Object(CodeIgniter\CodeIgniter))
27 FCPATH\index.php(56): CodeIgniter\Boot::bootWeb(Object(Config\Paths))
28 SYSTEMPATH\rewrite.php(44): require_once('C:\\Users\\Jorge Andrey\\Desktop\\arpirantes\\public\\index.php')
CRITICAL - 2025-07-02 23:22:43 --> ErrorException: ini_set(): Session ini settings cannot be changed after headers have already been sent
[Method: GET, Route: grupo/exportar_aprobados/1]
in SYSTEMPATH\Session\Handlers\FileHandler.php on line 74.
 1 [internal function]: CodeIgniter\Debug\Exceptions->errorHandler(2, 'ini_set(): Session ini settings cannot be changed after headers have already been sent', 'C:\\Users\\Jorge Andrey\\Desktop\\arpirantes\\system\\Session\\Handlers\\FileHandler.php', 74)
 2 SYSTEMPATH\Session\Handlers\FileHandler.php(74): ini_set('session.save_path', 'C:\\Users\\Jorge Andrey\\Desktop\\arpirantes\\writable\\session')
 3 SYSTEMPATH\Config\Services.php(697): CodeIgniter\Session\Handlers\FileHandler->__construct(Object(Config\Session), '::1')
 4 SYSTEMPATH\Config\BaseService.php(312): CodeIgniter\Config\Services::session(Object(Config\Session), false)
 5 SYSTEMPATH\Config\BaseService.php(251): CodeIgniter\Config\BaseService::__callStatic('session', [...])
 6 SYSTEMPATH\Config\Services.php(668): CodeIgniter\Config\BaseService::getSharedInstance('session', null)
 7 SYSTEMPATH\Config\BaseService.php(321): CodeIgniter\Config\Services::session()
 8 SYSTEMPATH\Config\BaseService.php(202): CodeIgniter\Config\BaseService::__callStatic('session', [])
 9 SYSTEMPATH\Common.php(1000): CodeIgniter\Config\BaseService::get('session')
10 SYSTEMPATH\Common.php(973): service('session')
11 VENDORPATH\codeigniter4\shield\src\Authentication\Authenticators\Session.php(685): session('user')
12 VENDORPATH\codeigniter4\shield\src\Authentication\Authenticators\Session.php(703): CodeIgniter\Shield\Authentication\Authenticators\Session->getSessionUserInfo()
13 VENDORPATH\codeigniter4\shield\src\Authentication\Authenticators\Session.php(390): CodeIgniter\Shield\Authentication\Authenticators\Session->getSessionUserKey('id')
14 VENDORPATH\codeigniter4\shield\src\Authentication\Authenticators\Session.php(374): CodeIgniter\Shield\Authentication\Authenticators\Session->checkUserState()
15 VENDORPATH\codeigniter4\shield\src\Auth.php(191): CodeIgniter\Shield\Authentication\Authenticators\Session->loggedIn()
16 VENDORPATH\codeigniter4\shield\src\Collectors\Auth.php(76): CodeIgniter\Shield\Auth->__call('loggedIn', [])
17 SYSTEMPATH\Debug\Toolbar\Collectors\BaseCollector.php(228): CodeIgniter\Shield\Collectors\Auth->display()
18 SYSTEMPATH\Debug\Toolbar.php(95): CodeIgniter\Debug\Toolbar\Collectors\BaseCollector->getAsArray()
19 SYSTEMPATH\Debug\Toolbar.php(390): CodeIgniter\Debug\Toolbar->run(1751520162.780366, 0.5465, Object(CodeIgniter\HTTP\IncomingRequest), Object(CodeIgniter\HTTP\Response))
20 SYSTEMPATH\Filters\DebugToolbar.php(44): CodeIgniter\Debug\Toolbar->prepare(Object(CodeIgniter\HTTP\IncomingRequest), Object(CodeIgniter\HTTP\Response))
21 SYSTEMPATH\Filters\Filters.php(278): CodeIgniter\Filters\DebugToolbar->after(Object(CodeIgniter\HTTP\IncomingRequest), Object(CodeIgniter\HTTP\Response), null)
22 SYSTEMPATH\Filters\Filters.php(364): CodeIgniter\Filters\Filters->runAfter([...])
23 SYSTEMPATH\CodeIgniter.php(407): CodeIgniter\Filters\Filters->runRequired('after')
24 SYSTEMPATH\CodeIgniter.php(368): CodeIgniter\CodeIgniter->runRequiredAfterFilters(Object(CodeIgniter\Filters\Filters))
25 SYSTEMPATH\Boot.php(334): CodeIgniter\CodeIgniter->run()
26 SYSTEMPATH\Boot.php(67): CodeIgniter\Boot::runCodeIgniter(Object(CodeIgniter\CodeIgniter))
27 FCPATH\index.php(56): CodeIgniter\Boot::bootWeb(Object(Config\Paths))
28 SYSTEMPATH\rewrite.php(44): require_once('C:\\Users\\Jorge Andrey\\Desktop\\arpirantes\\public\\index.php')
CRITICAL - 2025-07-02 23:23:02 --> ErrorException: ini_set(): Session ini settings cannot be changed after headers have already been sent
[Method: GET, Route: grupo/exportar_aprobados/1]
in SYSTEMPATH\Session\Handlers\FileHandler.php on line 74.
 1 [internal function]: CodeIgniter\Debug\Exceptions->errorHandler(2, 'ini_set(): Session ini settings cannot be changed after headers have already been sent', 'C:\\Users\\Jorge Andrey\\Desktop\\arpirantes\\system\\Session\\Handlers\\FileHandler.php', 74)
 2 SYSTEMPATH\Session\Handlers\FileHandler.php(74): ini_set('session.save_path', 'C:\\Users\\Jorge Andrey\\Desktop\\arpirantes\\writable\\session')
 3 SYSTEMPATH\Config\Services.php(697): CodeIgniter\Session\Handlers\FileHandler->__construct(Object(Config\Session), '::1')
 4 SYSTEMPATH\Config\BaseService.php(312): CodeIgniter\Config\Services::session(Object(Config\Session), false)
 5 SYSTEMPATH\Config\BaseService.php(251): CodeIgniter\Config\BaseService::__callStatic('session', [...])
 6 SYSTEMPATH\Config\Services.php(668): CodeIgniter\Config\BaseService::getSharedInstance('session', null)
 7 SYSTEMPATH\Config\BaseService.php(321): CodeIgniter\Config\Services::session()
 8 SYSTEMPATH\Config\BaseService.php(202): CodeIgniter\Config\BaseService::__callStatic('session', [])
 9 SYSTEMPATH\Common.php(1000): CodeIgniter\Config\BaseService::get('session')
10 SYSTEMPATH\Common.php(973): service('session')
11 VENDORPATH\codeigniter4\shield\src\Authentication\Authenticators\Session.php(685): session('user')
12 VENDORPATH\codeigniter4\shield\src\Authentication\Authenticators\Session.php(703): CodeIgniter\Shield\Authentication\Authenticators\Session->getSessionUserInfo()
13 VENDORPATH\codeigniter4\shield\src\Authentication\Authenticators\Session.php(390): CodeIgniter\Shield\Authentication\Authenticators\Session->getSessionUserKey('id')
14 VENDORPATH\codeigniter4\shield\src\Authentication\Authenticators\Session.php(374): CodeIgniter\Shield\Authentication\Authenticators\Session->checkUserState()
15 VENDORPATH\codeigniter4\shield\src\Auth.php(191): CodeIgniter\Shield\Authentication\Authenticators\Session->loggedIn()
16 VENDORPATH\codeigniter4\shield\src\Collectors\Auth.php(76): CodeIgniter\Shield\Auth->__call('loggedIn', [])
17 SYSTEMPATH\Debug\Toolbar\Collectors\BaseCollector.php(228): CodeIgniter\Shield\Collectors\Auth->display()
18 SYSTEMPATH\Debug\Toolbar.php(95): CodeIgniter\Debug\Toolbar\Collectors\BaseCollector->getAsArray()
19 SYSTEMPATH\Debug\Toolbar.php(390): CodeIgniter\Debug\Toolbar->run(1751520181.841329, 0.7479, Object(CodeIgniter\HTTP\IncomingRequest), Object(CodeIgniter\HTTP\Response))
20 SYSTEMPATH\Filters\DebugToolbar.php(44): CodeIgniter\Debug\Toolbar->prepare(Object(CodeIgniter\HTTP\IncomingRequest), Object(CodeIgniter\HTTP\Response))
21 SYSTEMPATH\Filters\Filters.php(278): CodeIgniter\Filters\DebugToolbar->after(Object(CodeIgniter\HTTP\IncomingRequest), Object(CodeIgniter\HTTP\Response), null)
22 SYSTEMPATH\Filters\Filters.php(364): CodeIgniter\Filters\Filters->runAfter([...])
23 SYSTEMPATH\CodeIgniter.php(407): CodeIgniter\Filters\Filters->runRequired('after')
24 SYSTEMPATH\CodeIgniter.php(368): CodeIgniter\CodeIgniter->runRequiredAfterFilters(Object(CodeIgniter\Filters\Filters))
25 SYSTEMPATH\Boot.php(334): CodeIgniter\CodeIgniter->run()
26 SYSTEMPATH\Boot.php(67): CodeIgniter\Boot::runCodeIgniter(Object(CodeIgniter\CodeIgniter))
27 FCPATH\index.php(56): CodeIgniter\Boot::bootWeb(Object(Config\Paths))
28 SYSTEMPATH\rewrite.php(44): require_once('C:\\Users\\Jorge Andrey\\Desktop\\arpirantes\\public\\index.php')
CRITICAL - 2025-07-02 23:23:04 --> ErrorException: ini_set(): Session ini settings cannot be changed after headers have already been sent
[Method: GET, Route: grupo/exportar_aprobados/1]
in SYSTEMPATH\Session\Handlers\FileHandler.php on line 74.
 1 [internal function]: CodeIgniter\Debug\Exceptions->errorHandler(2, 'ini_set(): Session ini settings cannot be changed after headers have already been sent', 'C:\\Users\\Jorge Andrey\\Desktop\\arpirantes\\system\\Session\\Handlers\\FileHandler.php', 74)
 2 SYSTEMPATH\Session\Handlers\FileHandler.php(74): ini_set('session.save_path', 'C:\\Users\\Jorge Andrey\\Desktop\\arpirantes\\writable\\session')
 3 SYSTEMPATH\Config\Services.php(697): CodeIgniter\Session\Handlers\FileHandler->__construct(Object(Config\Session), '::1')
 4 SYSTEMPATH\Config\BaseService.php(312): CodeIgniter\Config\Services::session(Object(Config\Session), false)
 5 SYSTEMPATH\Config\BaseService.php(251): CodeIgniter\Config\BaseService::__callStatic('session', [...])
 6 SYSTEMPATH\Config\Services.php(668): CodeIgniter\Config\BaseService::getSharedInstance('session', null)
 7 SYSTEMPATH\Config\BaseService.php(321): CodeIgniter\Config\Services::session()
 8 SYSTEMPATH\Config\BaseService.php(202): CodeIgniter\Config\BaseService::__callStatic('session', [])
 9 SYSTEMPATH\Common.php(1000): CodeIgniter\Config\BaseService::get('session')
10 SYSTEMPATH\Common.php(973): service('session')
11 VENDORPATH\codeigniter4\shield\src\Authentication\Authenticators\Session.php(685): session('user')
12 VENDORPATH\codeigniter4\shield\src\Authentication\Authenticators\Session.php(703): CodeIgniter\Shield\Authentication\Authenticators\Session->getSessionUserInfo()
13 VENDORPATH\codeigniter4\shield\src\Authentication\Authenticators\Session.php(390): CodeIgniter\Shield\Authentication\Authenticators\Session->getSessionUserKey('id')
14 VENDORPATH\codeigniter4\shield\src\Authentication\Authenticators\Session.php(374): CodeIgniter\Shield\Authentication\Authenticators\Session->checkUserState()
15 VENDORPATH\codeigniter4\shield\src\Auth.php(191): CodeIgniter\Shield\Authentication\Authenticators\Session->loggedIn()
16 VENDORPATH\codeigniter4\shield\src\Collectors\Auth.php(76): CodeIgniter\Shield\Auth->__call('loggedIn', [])
17 SYSTEMPATH\Debug\Toolbar\Collectors\BaseCollector.php(228): CodeIgniter\Shield\Collectors\Auth->display()
18 SYSTEMPATH\Debug\Toolbar.php(95): CodeIgniter\Debug\Toolbar\Collectors\BaseCollector->getAsArray()
19 SYSTEMPATH\Debug\Toolbar.php(390): CodeIgniter\Debug\Toolbar->run(1751520183.957282, 0.6042, Object(CodeIgniter\HTTP\IncomingRequest), Object(CodeIgniter\HTTP\Response))
20 SYSTEMPATH\Filters\DebugToolbar.php(44): CodeIgniter\Debug\Toolbar->prepare(Object(CodeIgniter\HTTP\IncomingRequest), Object(CodeIgniter\HTTP\Response))
21 SYSTEMPATH\Filters\Filters.php(278): CodeIgniter\Filters\DebugToolbar->after(Object(CodeIgniter\HTTP\IncomingRequest), Object(CodeIgniter\HTTP\Response), null)
22 SYSTEMPATH\Filters\Filters.php(364): CodeIgniter\Filters\Filters->runAfter([...])
23 SYSTEMPATH\CodeIgniter.php(407): CodeIgniter\Filters\Filters->runRequired('after')
24 SYSTEMPATH\CodeIgniter.php(368): CodeIgniter\CodeIgniter->runRequiredAfterFilters(Object(CodeIgniter\Filters\Filters))
25 SYSTEMPATH\Boot.php(334): CodeIgniter\CodeIgniter->run()
26 SYSTEMPATH\Boot.php(67): CodeIgniter\Boot::runCodeIgniter(Object(CodeIgniter\CodeIgniter))
27 FCPATH\index.php(56): CodeIgniter\Boot::bootWeb(Object(Config\Paths))
28 SYSTEMPATH\rewrite.php(44): require_once('C:\\Users\\Jorge Andrey\\Desktop\\arpirantes\\public\\index.php')
CRITICAL - 2025-07-02 23:37:44 --> ErrorException: Undefined array key "nombre_carrera"
[Method: GET, Route: grupo/exportar_aprobados/1]
in APPPATH\Views\base\publico\pdf_aprobados.php on line 49.
 1 APPPATH\Views\base\publico\pdf_aprobados.php(49): CodeIgniter\Debug\Exceptions->errorHandler(2, 'Undefined array key "nombre_carrera"', 'C:\\Users\\Jorge Andrey\\Desktop\\arpirantes\\app\\Views\\base\\publico\\pdf_aprobados.php', 49)
 2 SYSTEMPATH\View\View.php(224): include('C:\\Users\\Jorge Andrey\\Desktop\\arpirantes\\app\\Views\\base\\publico\\pdf_aprobados.php')
 3 SYSTEMPATH\View\View.php(227): CodeIgniter\View\View->CodeIgniter\View\{closure}()
 4 SYSTEMPATH\Common.php(1173): CodeIgniter\View\View->render('base/publico/pdf_aprobados', [], true)
 5 APPPATH\Controllers\Grupo.php(113): view('base/publico/pdf_aprobados', [...])
 6 SYSTEMPATH\CodeIgniter.php(933): App\Controllers\Grupo->exportarPDF('1')
 7 SYSTEMPATH\CodeIgniter.php(507): CodeIgniter\CodeIgniter->runController(Object(App\Controllers\Grupo))
 8 SYSTEMPATH\CodeIgniter.php(354): CodeIgniter\CodeIgniter->handleRequest(null, Object(Config\Cache), false)
 9 SYSTEMPATH\Boot.php(334): CodeIgniter\CodeIgniter->run()
10 SYSTEMPATH\Boot.php(67): CodeIgniter\Boot::runCodeIgniter(Object(CodeIgniter\CodeIgniter))
11 FCPATH\index.php(56): CodeIgniter\Boot::bootWeb(Object(Config\Paths))
12 SYSTEMPATH\rewrite.php(44): require_once('C:\\Users\\Jorge Andrey\\Desktop\\arpirantes\\public\\index.php')
CRITICAL - 2025-07-02 23:38:49 --> ErrorException: Attempt to read property "nombre" on array
[Method: GET, Route: grupo/exportar_aprobados/1]
in APPPATH\Controllers\Grupo.php on line 125.
 1 APPPATH\Controllers\Grupo.php(125): CodeIgniter\Debug\Exceptions->errorHandler(2, 'Attempt to read property "nombre" on array', 'C:\\Users\\Jorge Andrey\\Desktop\\arpirantes\\app\\Controllers\\Grupo.php', 125)
 2 SYSTEMPATH\CodeIgniter.php(933): App\Controllers\Grupo->exportarPDF('1')
 3 SYSTEMPATH\CodeIgniter.php(507): CodeIgniter\CodeIgniter->runController(Object(App\Controllers\Grupo))
 4 SYSTEMPATH\CodeIgniter.php(354): CodeIgniter\CodeIgniter->handleRequest(null, Object(Config\Cache), false)
 5 SYSTEMPATH\Boot.php(334): CodeIgniter\CodeIgniter->run()
 6 SYSTEMPATH\Boot.php(67): CodeIgniter\Boot::runCodeIgniter(Object(CodeIgniter\CodeIgniter))
 7 FCPATH\index.php(56): CodeIgniter\Boot::bootWeb(Object(Config\Paths))
 8 SYSTEMPATH\rewrite.php(44): require_once('C:\\Users\\Jorge Andrey\\Desktop\\arpirantes\\public\\index.php')
CRITICAL - 2025-07-02 23:41:39 --> ErrorException: ini_set(): Session ini settings cannot be changed after headers have already been sent
[Method: GET, Route: grupo/exportar_aprobados/1]
in SYSTEMPATH\Session\Handlers\FileHandler.php on line 74.
 1 [internal function]: CodeIgniter\Debug\Exceptions->errorHandler(2, 'ini_set(): Session ini settings cannot be changed after headers have already been sent', 'C:\\Users\\Jorge Andrey\\Desktop\\arpirantes\\system\\Session\\Handlers\\FileHandler.php', 74)
 2 SYSTEMPATH\Session\Handlers\FileHandler.php(74): ini_set('session.save_path', 'C:\\Users\\Jorge Andrey\\Desktop\\arpirantes\\writable\\session')
 3 SYSTEMPATH\Config\Services.php(697): CodeIgniter\Session\Handlers\FileHandler->__construct(Object(Config\Session), '::1')
 4 SYSTEMPATH\Config\BaseService.php(312): CodeIgniter\Config\Services::session(Object(Config\Session), false)
 5 SYSTEMPATH\Config\BaseService.php(251): CodeIgniter\Config\BaseService::__callStatic('session', [...])
 6 SYSTEMPATH\Config\Services.php(668): CodeIgniter\Config\BaseService::getSharedInstance('session', null)
 7 SYSTEMPATH\Config\BaseService.php(321): CodeIgniter\Config\Services::session()
 8 SYSTEMPATH\Config\BaseService.php(202): CodeIgniter\Config\BaseService::__callStatic('session', [])
 9 SYSTEMPATH\Common.php(1000): CodeIgniter\Config\BaseService::get('session')
10 SYSTEMPATH\Common.php(973): service('session')
11 VENDORPATH\codeigniter4\shield\src\Authentication\Authenticators\Session.php(685): session('user')
12 VENDORPATH\codeigniter4\shield\src\Authentication\Authenticators\Session.php(703): CodeIgniter\Shield\Authentication\Authenticators\Session->getSessionUserInfo()
13 VENDORPATH\codeigniter4\shield\src\Authentication\Authenticators\Session.php(390): CodeIgniter\Shield\Authentication\Authenticators\Session->getSessionUserKey('id')
14 VENDORPATH\codeigniter4\shield\src\Authentication\Authenticators\Session.php(374): CodeIgniter\Shield\Authentication\Authenticators\Session->checkUserState()
15 VENDORPATH\codeigniter4\shield\src\Auth.php(191): CodeIgniter\Shield\Authentication\Authenticators\Session->loggedIn()
16 VENDORPATH\codeigniter4\shield\src\Collectors\Auth.php(76): CodeIgniter\Shield\Auth->__call('loggedIn', [])
17 SYSTEMPATH\Debug\Toolbar\Collectors\BaseCollector.php(228): CodeIgniter\Shield\Collectors\Auth->display()
18 SYSTEMPATH\Debug\Toolbar.php(95): CodeIgniter\Debug\Toolbar\Collectors\BaseCollector->getAsArray()
19 SYSTEMPATH\Debug\Toolbar.php(390): CodeIgniter\Debug\Toolbar->run(1751521296.69395, 2.7407, Object(CodeIgniter\HTTP\IncomingRequest), Object(CodeIgniter\HTTP\Response))
20 SYSTEMPATH\Filters\DebugToolbar.php(44): CodeIgniter\Debug\Toolbar->prepare(Object(CodeIgniter\HTTP\IncomingRequest), Object(CodeIgniter\HTTP\Response))
21 SYSTEMPATH\Filters\Filters.php(278): CodeIgniter\Filters\DebugToolbar->after(Object(CodeIgniter\HTTP\IncomingRequest), Object(CodeIgniter\HTTP\Response), null)
22 SYSTEMPATH\Filters\Filters.php(364): CodeIgniter\Filters\Filters->runAfter([...])
23 SYSTEMPATH\CodeIgniter.php(407): CodeIgniter\Filters\Filters->runRequired('after')
24 SYSTEMPATH\CodeIgniter.php(368): CodeIgniter\CodeIgniter->runRequiredAfterFilters(Object(CodeIgniter\Filters\Filters))
25 SYSTEMPATH\Boot.php(334): CodeIgniter\CodeIgniter->run()
26 SYSTEMPATH\Boot.php(67): CodeIgniter\Boot::runCodeIgniter(Object(CodeIgniter\CodeIgniter))
27 FCPATH\index.php(56): CodeIgniter\Boot::bootWeb(Object(Config\Paths))
28 SYSTEMPATH\rewrite.php(44): require_once('C:\\Users\\Jorge Andrey\\Desktop\\arpirantes\\public\\index.php')
CRITICAL - 2025-07-02 23:41:41 --> ErrorException: ini_set(): Session ini settings cannot be changed after headers have already been sent
[Method: GET, Route: grupo/exportar_aprobados/1]
in SYSTEMPATH\Session\Handlers\FileHandler.php on line 74.
 1 [internal function]: CodeIgniter\Debug\Exceptions->errorHandler(2, 'ini_set(): Session ini settings cannot be changed after headers have already been sent', 'C:\\Users\\Jorge Andrey\\Desktop\\arpirantes\\system\\Session\\Handlers\\FileHandler.php', 74)
 2 SYSTEMPATH\Session\Handlers\FileHandler.php(74): ini_set('session.save_path', 'C:\\Users\\Jorge Andrey\\Desktop\\arpirantes\\writable\\session')
 3 SYSTEMPATH\Config\Services.php(697): CodeIgniter\Session\Handlers\FileHandler->__construct(Object(Config\Session), '::1')
 4 SYSTEMPATH\Config\BaseService.php(312): CodeIgniter\Config\Services::session(Object(Config\Session), false)
 5 SYSTEMPATH\Config\BaseService.php(251): CodeIgniter\Config\BaseService::__callStatic('session', [...])
 6 SYSTEMPATH\Config\Services.php(668): CodeIgniter\Config\BaseService::getSharedInstance('session', null)
 7 SYSTEMPATH\Config\BaseService.php(321): CodeIgniter\Config\Services::session()
 8 SYSTEMPATH\Config\BaseService.php(202): CodeIgniter\Config\BaseService::__callStatic('session', [])
 9 SYSTEMPATH\Common.php(1000): CodeIgniter\Config\BaseService::get('session')
10 SYSTEMPATH\Common.php(973): service('session')
11 VENDORPATH\codeigniter4\shield\src\Authentication\Authenticators\Session.php(685): session('user')
12 VENDORPATH\codeigniter4\shield\src\Authentication\Authenticators\Session.php(703): CodeIgniter\Shield\Authentication\Authenticators\Session->getSessionUserInfo()
13 VENDORPATH\codeigniter4\shield\src\Authentication\Authenticators\Session.php(390): CodeIgniter\Shield\Authentication\Authenticators\Session->getSessionUserKey('id')
14 VENDORPATH\codeigniter4\shield\src\Authentication\Authenticators\Session.php(374): CodeIgniter\Shield\Authentication\Authenticators\Session->checkUserState()
15 VENDORPATH\codeigniter4\shield\src\Auth.php(191): CodeIgniter\Shield\Authentication\Authenticators\Session->loggedIn()
16 VENDORPATH\codeigniter4\shield\src\Collectors\Auth.php(76): CodeIgniter\Shield\Auth->__call('loggedIn', [])
17 SYSTEMPATH\Debug\Toolbar\Collectors\BaseCollector.php(228): CodeIgniter\Shield\Collectors\Auth->display()
18 SYSTEMPATH\Debug\Toolbar.php(95): CodeIgniter\Debug\Toolbar\Collectors\BaseCollector->getAsArray()
19 SYSTEMPATH\Debug\Toolbar.php(390): CodeIgniter\Debug\Toolbar->run(1751521300.667725, 0.7356, Object(CodeIgniter\HTTP\IncomingRequest), Object(CodeIgniter\HTTP\Response))
20 SYSTEMPATH\Filters\DebugToolbar.php(44): CodeIgniter\Debug\Toolbar->prepare(Object(CodeIgniter\HTTP\IncomingRequest), Object(CodeIgniter\HTTP\Response))
21 SYSTEMPATH\Filters\Filters.php(278): CodeIgniter\Filters\DebugToolbar->after(Object(CodeIgniter\HTTP\IncomingRequest), Object(CodeIgniter\HTTP\Response), null)
22 SYSTEMPATH\Filters\Filters.php(364): CodeIgniter\Filters\Filters->runAfter([...])
23 SYSTEMPATH\CodeIgniter.php(407): CodeIgniter\Filters\Filters->runRequired('after')
24 SYSTEMPATH\CodeIgniter.php(368): CodeIgniter\CodeIgniter->runRequiredAfterFilters(Object(CodeIgniter\Filters\Filters))
25 SYSTEMPATH\Boot.php(334): CodeIgniter\CodeIgniter->run()
26 SYSTEMPATH\Boot.php(67): CodeIgniter\Boot::runCodeIgniter(Object(CodeIgniter\CodeIgniter))
27 FCPATH\index.php(56): CodeIgniter\Boot::bootWeb(Object(Config\Paths))
28 SYSTEMPATH\rewrite.php(44): require_once('C:\\Users\\Jorge Andrey\\Desktop\\arpirantes\\public\\index.php')
CRITICAL - 2025-07-02 23:41:43 --> ErrorException: ini_set(): Session ini settings cannot be changed after headers have already been sent
[Method: GET, Route: grupo/exportar_aprobados/1]
in SYSTEMPATH\Session\Handlers\FileHandler.php on line 74.
 1 [internal function]: CodeIgniter\Debug\Exceptions->errorHandler(2, 'ini_set(): Session ini settings cannot be changed after headers have already been sent', 'C:\\Users\\Jorge Andrey\\Desktop\\arpirantes\\system\\Session\\Handlers\\FileHandler.php', 74)
 2 SYSTEMPATH\Session\Handlers\FileHandler.php(74): ini_set('session.save_path', 'C:\\Users\\Jorge Andrey\\Desktop\\arpirantes\\writable\\session')
 3 SYSTEMPATH\Config\Services.php(697): CodeIgniter\Session\Handlers\FileHandler->__construct(Object(Config\Session), '::1')
 4 SYSTEMPATH\Config\BaseService.php(312): CodeIgniter\Config\Services::session(Object(Config\Session), false)
 5 SYSTEMPATH\Config\BaseService.php(251): CodeIgniter\Config\BaseService::__callStatic('session', [...])
 6 SYSTEMPATH\Config\Services.php(668): CodeIgniter\Config\BaseService::getSharedInstance('session', null)
 7 SYSTEMPATH\Config\BaseService.php(321): CodeIgniter\Config\Services::session()
 8 SYSTEMPATH\Config\BaseService.php(202): CodeIgniter\Config\BaseService::__callStatic('session', [])
 9 SYSTEMPATH\Common.php(1000): CodeIgniter\Config\BaseService::get('session')
10 SYSTEMPATH\Common.php(973): service('session')
11 VENDORPATH\codeigniter4\shield\src\Authentication\Authenticators\Session.php(685): session('user')
12 VENDORPATH\codeigniter4\shield\src\Authentication\Authenticators\Session.php(703): CodeIgniter\Shield\Authentication\Authenticators\Session->getSessionUserInfo()
13 VENDORPATH\codeigniter4\shield\src\Authentication\Authenticators\Session.php(390): CodeIgniter\Shield\Authentication\Authenticators\Session->getSessionUserKey('id')
14 VENDORPATH\codeigniter4\shield\src\Authentication\Authenticators\Session.php(374): CodeIgniter\Shield\Authentication\Authenticators\Session->checkUserState()
15 VENDORPATH\codeigniter4\shield\src\Auth.php(191): CodeIgniter\Shield\Authentication\Authenticators\Session->loggedIn()
16 VENDORPATH\codeigniter4\shield\src\Collectors\Auth.php(76): CodeIgniter\Shield\Auth->__call('loggedIn', [])
17 SYSTEMPATH\Debug\Toolbar\Collectors\BaseCollector.php(228): CodeIgniter\Shield\Collectors\Auth->display()
18 SYSTEMPATH\Debug\Toolbar.php(95): CodeIgniter\Debug\Toolbar\Collectors\BaseCollector->getAsArray()
19 SYSTEMPATH\Debug\Toolbar.php(390): CodeIgniter\Debug\Toolbar->run(1751521302.783012, 0.8292, Object(CodeIgniter\HTTP\IncomingRequest), Object(CodeIgniter\HTTP\Response))
20 SYSTEMPATH\Filters\DebugToolbar.php(44): CodeIgniter\Debug\Toolbar->prepare(Object(CodeIgniter\HTTP\IncomingRequest), Object(CodeIgniter\HTTP\Response))
21 SYSTEMPATH\Filters\Filters.php(278): CodeIgniter\Filters\DebugToolbar->after(Object(CodeIgniter\HTTP\IncomingRequest), Object(CodeIgniter\HTTP\Response), null)
22 SYSTEMPATH\Filters\Filters.php(364): CodeIgniter\Filters\Filters->runAfter([...])
23 SYSTEMPATH\CodeIgniter.php(407): CodeIgniter\Filters\Filters->runRequired('after')
24 SYSTEMPATH\CodeIgniter.php(368): CodeIgniter\CodeIgniter->runRequiredAfterFilters(Object(CodeIgniter\Filters\Filters))
25 SYSTEMPATH\Boot.php(334): CodeIgniter\CodeIgniter->run()
26 SYSTEMPATH\Boot.php(67): CodeIgniter\Boot::runCodeIgniter(Object(CodeIgniter\CodeIgniter))
27 FCPATH\index.php(56): CodeIgniter\Boot::bootWeb(Object(Config\Paths))
28 SYSTEMPATH\rewrite.php(44): require_once('C:\\Users\\Jorge Andrey\\Desktop\\arpirantes\\public\\index.php')
CRITICAL - 2025-07-02 23:41:47 --> ErrorException: ini_set(): Session ini settings cannot be changed after headers have already been sent
[Method: GET, Route: grupo/exportar_aprobados/1]
in SYSTEMPATH\Session\Handlers\FileHandler.php on line 74.
 1 [internal function]: CodeIgniter\Debug\Exceptions->errorHandler(2, 'ini_set(): Session ini settings cannot be changed after headers have already been sent', 'C:\\Users\\Jorge Andrey\\Desktop\\arpirantes\\system\\Session\\Handlers\\FileHandler.php', 74)
 2 SYSTEMPATH\Session\Handlers\FileHandler.php(74): ini_set('session.save_path', 'C:\\Users\\Jorge Andrey\\Desktop\\arpirantes\\writable\\session')
 3 SYSTEMPATH\Config\Services.php(697): CodeIgniter\Session\Handlers\FileHandler->__construct(Object(Config\Session), '::1')
 4 SYSTEMPATH\Config\BaseService.php(312): CodeIgniter\Config\Services::session(Object(Config\Session), false)
 5 SYSTEMPATH\Config\BaseService.php(251): CodeIgniter\Config\BaseService::__callStatic('session', [...])
 6 SYSTEMPATH\Config\Services.php(668): CodeIgniter\Config\BaseService::getSharedInstance('session', null)
 7 SYSTEMPATH\Config\BaseService.php(321): CodeIgniter\Config\Services::session()
 8 SYSTEMPATH\Config\BaseService.php(202): CodeIgniter\Config\BaseService::__callStatic('session', [])
 9 SYSTEMPATH\Common.php(1000): CodeIgniter\Config\BaseService::get('session')
10 SYSTEMPATH\Common.php(973): service('session')
11 VENDORPATH\codeigniter4\shield\src\Authentication\Authenticators\Session.php(685): session('user')
12 VENDORPATH\codeigniter4\shield\src\Authentication\Authenticators\Session.php(703): CodeIgniter\Shield\Authentication\Authenticators\Session->getSessionUserInfo()
13 VENDORPATH\codeigniter4\shield\src\Authentication\Authenticators\Session.php(390): CodeIgniter\Shield\Authentication\Authenticators\Session->getSessionUserKey('id')
14 VENDORPATH\codeigniter4\shield\src\Authentication\Authenticators\Session.php(374): CodeIgniter\Shield\Authentication\Authenticators\Session->checkUserState()
15 VENDORPATH\codeigniter4\shield\src\Auth.php(191): CodeIgniter\Shield\Authentication\Authenticators\Session->loggedIn()
16 VENDORPATH\codeigniter4\shield\src\Collectors\Auth.php(76): CodeIgniter\Shield\Auth->__call('loggedIn', [])
17 SYSTEMPATH\Debug\Toolbar\Collectors\BaseCollector.php(228): CodeIgniter\Shield\Collectors\Auth->display()
18 SYSTEMPATH\Debug\Toolbar.php(95): CodeIgniter\Debug\Toolbar\Collectors\BaseCollector->getAsArray()
19 SYSTEMPATH\Debug\Toolbar.php(390): CodeIgniter\Debug\Toolbar->run(1751521305.768614, 0.9894, Object(CodeIgniter\HTTP\IncomingRequest), Object(CodeIgniter\HTTP\Response))
20 SYSTEMPATH\Filters\DebugToolbar.php(44): CodeIgniter\Debug\Toolbar->prepare(Object(CodeIgniter\HTTP\IncomingRequest), Object(CodeIgniter\HTTP\Response))
21 SYSTEMPATH\Filters\Filters.php(278): CodeIgniter\Filters\DebugToolbar->after(Object(CodeIgniter\HTTP\IncomingRequest), Object(CodeIgniter\HTTP\Response), null)
22 SYSTEMPATH\Filters\Filters.php(364): CodeIgniter\Filters\Filters->runAfter([...])
23 SYSTEMPATH\CodeIgniter.php(407): CodeIgniter\Filters\Filters->runRequired('after')
24 SYSTEMPATH\CodeIgniter.php(368): CodeIgniter\CodeIgniter->runRequiredAfterFilters(Object(CodeIgniter\Filters\Filters))
25 SYSTEMPATH\Boot.php(334): CodeIgniter\CodeIgniter->run()
26 SYSTEMPATH\Boot.php(67): CodeIgniter\Boot::runCodeIgniter(Object(CodeIgniter\CodeIgniter))
27 FCPATH\index.php(56): CodeIgniter\Boot::bootWeb(Object(Config\Paths))
28 SYSTEMPATH\rewrite.php(44): require_once('C:\\Users\\Jorge Andrey\\Desktop\\arpirantes\\public\\index.php')
CRITICAL - 2025-07-02 23:41:49 --> ErrorException: ini_set(): Session ini settings cannot be changed after headers have already been sent
[Method: GET, Route: grupo/exportar_aprobados/1]
in SYSTEMPATH\Session\Handlers\FileHandler.php on line 74.
 1 [internal function]: CodeIgniter\Debug\Exceptions->errorHandler(2, 'ini_set(): Session ini settings cannot be changed after headers have already been sent', 'C:\\Users\\Jorge Andrey\\Desktop\\arpirantes\\system\\Session\\Handlers\\FileHandler.php', 74)
 2 SYSTEMPATH\Session\Handlers\FileHandler.php(74): ini_set('session.save_path', 'C:\\Users\\Jorge Andrey\\Desktop\\arpirantes\\writable\\session')
 3 SYSTEMPATH\Config\Services.php(697): CodeIgniter\Session\Handlers\FileHandler->__construct(Object(Config\Session), '::1')
 4 SYSTEMPATH\Config\BaseService.php(312): CodeIgniter\Config\Services::session(Object(Config\Session), false)
 5 SYSTEMPATH\Config\BaseService.php(251): CodeIgniter\Config\BaseService::__callStatic('session', [...])
 6 SYSTEMPATH\Config\Services.php(668): CodeIgniter\Config\BaseService::getSharedInstance('session', null)
 7 SYSTEMPATH\Config\BaseService.php(321): CodeIgniter\Config\Services::session()
 8 SYSTEMPATH\Config\BaseService.php(202): CodeIgniter\Config\BaseService::__callStatic('session', [])
 9 SYSTEMPATH\Common.php(1000): CodeIgniter\Config\BaseService::get('session')
10 SYSTEMPATH\Common.php(973): service('session')
11 VENDORPATH\codeigniter4\shield\src\Authentication\Authenticators\Session.php(685): session('user')
12 VENDORPATH\codeigniter4\shield\src\Authentication\Authenticators\Session.php(703): CodeIgniter\Shield\Authentication\Authenticators\Session->getSessionUserInfo()
13 VENDORPATH\codeigniter4\shield\src\Authentication\Authenticators\Session.php(390): CodeIgniter\Shield\Authentication\Authenticators\Session->getSessionUserKey('id')
14 VENDORPATH\codeigniter4\shield\src\Authentication\Authenticators\Session.php(374): CodeIgniter\Shield\Authentication\Authenticators\Session->checkUserState()
15 VENDORPATH\codeigniter4\shield\src\Auth.php(191): CodeIgniter\Shield\Authentication\Authenticators\Session->loggedIn()
16 VENDORPATH\codeigniter4\shield\src\Collectors\Auth.php(76): CodeIgniter\Shield\Auth->__call('loggedIn', [])
17 SYSTEMPATH\Debug\Toolbar\Collectors\BaseCollector.php(228): CodeIgniter\Shield\Collectors\Auth->display()
18 SYSTEMPATH\Debug\Toolbar.php(95): CodeIgniter\Debug\Toolbar\Collectors\BaseCollector->getAsArray()
19 SYSTEMPATH\Debug\Toolbar.php(390): CodeIgniter\Debug\Toolbar->run(1751521308.100854, 0.7107, Object(CodeIgniter\HTTP\IncomingRequest), Object(CodeIgniter\HTTP\Response))
20 SYSTEMPATH\Filters\DebugToolbar.php(44): CodeIgniter\Debug\Toolbar->prepare(Object(CodeIgniter\HTTP\IncomingRequest), Object(CodeIgniter\HTTP\Response))
21 SYSTEMPATH\Filters\Filters.php(278): CodeIgniter\Filters\DebugToolbar->after(Object(CodeIgniter\HTTP\IncomingRequest), Object(CodeIgniter\HTTP\Response), null)
22 SYSTEMPATH\Filters\Filters.php(364): CodeIgniter\Filters\Filters->runAfter([...])
23 SYSTEMPATH\CodeIgniter.php(407): CodeIgniter\Filters\Filters->runRequired('after')
24 SYSTEMPATH\CodeIgniter.php(368): CodeIgniter\CodeIgniter->runRequiredAfterFilters(Object(CodeIgniter\Filters\Filters))
25 SYSTEMPATH\Boot.php(334): CodeIgniter\CodeIgniter->run()
26 SYSTEMPATH\Boot.php(67): CodeIgniter\Boot::runCodeIgniter(Object(CodeIgniter\CodeIgniter))
27 FCPATH\index.php(56): CodeIgniter\Boot::bootWeb(Object(Config\Paths))
28 SYSTEMPATH\rewrite.php(44): require_once('C:\\Users\\Jorge Andrey\\Desktop\\arpirantes\\public\\index.php')
CRITICAL - 2025-07-02 23:42:08 --> ErrorException: ini_set(): Session ini settings cannot be changed after headers have already been sent
[Method: GET, Route: grupo/exportar_aprobados/1]
in SYSTEMPATH\Session\Handlers\FileHandler.php on line 74.
 1 [internal function]: CodeIgniter\Debug\Exceptions->errorHandler(2, 'ini_set(): Session ini settings cannot be changed after headers have already been sent', 'C:\\Users\\Jorge Andrey\\Desktop\\arpirantes\\system\\Session\\Handlers\\FileHandler.php', 74)
 2 SYSTEMPATH\Session\Handlers\FileHandler.php(74): ini_set('session.save_path', 'C:\\Users\\Jorge Andrey\\Desktop\\arpirantes\\writable\\session')
 3 SYSTEMPATH\Config\Services.php(697): CodeIgniter\Session\Handlers\FileHandler->__construct(Object(Config\Session), '::1')
 4 SYSTEMPATH\Config\BaseService.php(312): CodeIgniter\Config\Services::session(Object(Config\Session), false)
 5 SYSTEMPATH\Config\BaseService.php(251): CodeIgniter\Config\BaseService::__callStatic('session', [...])
 6 SYSTEMPATH\Config\Services.php(668): CodeIgniter\Config\BaseService::getSharedInstance('session', null)
 7 SYSTEMPATH\Config\BaseService.php(321): CodeIgniter\Config\Services::session()
 8 SYSTEMPATH\Config\BaseService.php(202): CodeIgniter\Config\BaseService::__callStatic('session', [])
 9 SYSTEMPATH\Common.php(1000): CodeIgniter\Config\BaseService::get('session')
10 SYSTEMPATH\Common.php(973): service('session')
11 VENDORPATH\codeigniter4\shield\src\Authentication\Authenticators\Session.php(685): session('user')
12 VENDORPATH\codeigniter4\shield\src\Authentication\Authenticators\Session.php(703): CodeIgniter\Shield\Authentication\Authenticators\Session->getSessionUserInfo()
13 VENDORPATH\codeigniter4\shield\src\Authentication\Authenticators\Session.php(390): CodeIgniter\Shield\Authentication\Authenticators\Session->getSessionUserKey('id')
14 VENDORPATH\codeigniter4\shield\src\Authentication\Authenticators\Session.php(374): CodeIgniter\Shield\Authentication\Authenticators\Session->checkUserState()
15 VENDORPATH\codeigniter4\shield\src\Auth.php(191): CodeIgniter\Shield\Authentication\Authenticators\Session->loggedIn()
16 VENDORPATH\codeigniter4\shield\src\Collectors\Auth.php(76): CodeIgniter\Shield\Auth->__call('loggedIn', [])
17 SYSTEMPATH\Debug\Toolbar\Collectors\BaseCollector.php(228): CodeIgniter\Shield\Collectors\Auth->display()
18 SYSTEMPATH\Debug\Toolbar.php(95): CodeIgniter\Debug\Toolbar\Collectors\BaseCollector->getAsArray()
19 SYSTEMPATH\Debug\Toolbar.php(390): CodeIgniter\Debug\Toolbar->run(1751521326.551444, 1.3719, Object(CodeIgniter\HTTP\IncomingRequest), Object(CodeIgniter\HTTP\Response))
20 SYSTEMPATH\Filters\DebugToolbar.php(44): CodeIgniter\Debug\Toolbar->prepare(Object(CodeIgniter\HTTP\IncomingRequest), Object(CodeIgniter\HTTP\Response))
21 SYSTEMPATH\Filters\Filters.php(278): CodeIgniter\Filters\DebugToolbar->after(Object(CodeIgniter\HTTP\IncomingRequest), Object(CodeIgniter\HTTP\Response), null)
22 SYSTEMPATH\Filters\Filters.php(364): CodeIgniter\Filters\Filters->runAfter([...])
23 SYSTEMPATH\CodeIgniter.php(407): CodeIgniter\Filters\Filters->runRequired('after')
24 SYSTEMPATH\CodeIgniter.php(368): CodeIgniter\CodeIgniter->runRequiredAfterFilters(Object(CodeIgniter\Filters\Filters))
25 SYSTEMPATH\Boot.php(334): CodeIgniter\CodeIgniter->run()
26 SYSTEMPATH\Boot.php(67): CodeIgniter\Boot::runCodeIgniter(Object(CodeIgniter\CodeIgniter))
27 FCPATH\index.php(56): CodeIgniter\Boot::bootWeb(Object(Config\Paths))
28 SYSTEMPATH\rewrite.php(44): require_once('C:\\Users\\Jorge Andrey\\Desktop\\arpirantes\\public\\index.php')
CRITICAL - 2025-07-02 23:42:11 --> ErrorException: ini_set(): Session ini settings cannot be changed after headers have already been sent
[Method: GET, Route: grupo/exportar_aprobados/1]
in SYSTEMPATH\Session\Handlers\FileHandler.php on line 74.
 1 [internal function]: CodeIgniter\Debug\Exceptions->errorHandler(2, 'ini_set(): Session ini settings cannot be changed after headers have already been sent', 'C:\\Users\\Jorge Andrey\\Desktop\\arpirantes\\system\\Session\\Handlers\\FileHandler.php', 74)
 2 SYSTEMPATH\Session\Handlers\FileHandler.php(74): ini_set('session.save_path', 'C:\\Users\\Jorge Andrey\\Desktop\\arpirantes\\writable\\session')
 3 SYSTEMPATH\Config\Services.php(697): CodeIgniter\Session\Handlers\FileHandler->__construct(Object(Config\Session), '::1')
 4 SYSTEMPATH\Config\BaseService.php(312): CodeIgniter\Config\Services::session(Object(Config\Session), false)
 5 SYSTEMPATH\Config\BaseService.php(251): CodeIgniter\Config\BaseService::__callStatic('session', [...])
 6 SYSTEMPATH\Config\Services.php(668): CodeIgniter\Config\BaseService::getSharedInstance('session', null)
 7 SYSTEMPATH\Config\BaseService.php(321): CodeIgniter\Config\Services::session()
 8 SYSTEMPATH\Config\BaseService.php(202): CodeIgniter\Config\BaseService::__callStatic('session', [])
 9 SYSTEMPATH\Common.php(1000): CodeIgniter\Config\BaseService::get('session')
10 SYSTEMPATH\Common.php(973): service('session')
11 VENDORPATH\codeigniter4\shield\src\Authentication\Authenticators\Session.php(685): session('user')
12 VENDORPATH\codeigniter4\shield\src\Authentication\Authenticators\Session.php(703): CodeIgniter\Shield\Authentication\Authenticators\Session->getSessionUserInfo()
13 VENDORPATH\codeigniter4\shield\src\Authentication\Authenticators\Session.php(390): CodeIgniter\Shield\Authentication\Authenticators\Session->getSessionUserKey('id')
14 VENDORPATH\codeigniter4\shield\src\Authentication\Authenticators\Session.php(374): CodeIgniter\Shield\Authentication\Authenticators\Session->checkUserState()
15 VENDORPATH\codeigniter4\shield\src\Auth.php(191): CodeIgniter\Shield\Authentication\Authenticators\Session->loggedIn()
16 VENDORPATH\codeigniter4\shield\src\Collectors\Auth.php(76): CodeIgniter\Shield\Auth->__call('loggedIn', [])
17 SYSTEMPATH\Debug\Toolbar\Collectors\BaseCollector.php(228): CodeIgniter\Shield\Collectors\Auth->display()
18 SYSTEMPATH\Debug\Toolbar.php(95): CodeIgniter\Debug\Toolbar\Collectors\BaseCollector->getAsArray()
19 SYSTEMPATH\Debug\Toolbar.php(390): CodeIgniter\Debug\Toolbar->run(1751521330.344801, 0.986, Object(CodeIgniter\HTTP\IncomingRequest), Object(CodeIgniter\HTTP\Response))
20 SYSTEMPATH\Filters\DebugToolbar.php(44): CodeIgniter\Debug\Toolbar->prepare(Object(CodeIgniter\HTTP\IncomingRequest), Object(CodeIgniter\HTTP\Response))
21 SYSTEMPATH\Filters\Filters.php(278): CodeIgniter\Filters\DebugToolbar->after(Object(CodeIgniter\HTTP\IncomingRequest), Object(CodeIgniter\HTTP\Response), null)
22 SYSTEMPATH\Filters\Filters.php(364): CodeIgniter\Filters\Filters->runAfter([...])
23 SYSTEMPATH\CodeIgniter.php(407): CodeIgniter\Filters\Filters->runRequired('after')
24 SYSTEMPATH\CodeIgniter.php(368): CodeIgniter\CodeIgniter->runRequiredAfterFilters(Object(CodeIgniter\Filters\Filters))
25 SYSTEMPATH\Boot.php(334): CodeIgniter\CodeIgniter->run()
26 SYSTEMPATH\Boot.php(67): CodeIgniter\Boot::runCodeIgniter(Object(CodeIgniter\CodeIgniter))
27 FCPATH\index.php(56): CodeIgniter\Boot::bootWeb(Object(Config\Paths))
28 SYSTEMPATH\rewrite.php(44): require_once('C:\\Users\\Jorge Andrey\\Desktop\\arpirantes\\public\\index.php')
CRITICAL - 2025-07-02 23:42:13 --> ErrorException: ini_set(): Session ini settings cannot be changed after headers have already been sent
[Method: GET, Route: grupo/exportar_aprobados/1]
in SYSTEMPATH\Session\Handlers\FileHandler.php on line 74.
 1 [internal function]: CodeIgniter\Debug\Exceptions->errorHandler(2, 'ini_set(): Session ini settings cannot be changed after headers have already been sent', 'C:\\Users\\Jorge Andrey\\Desktop\\arpirantes\\system\\Session\\Handlers\\FileHandler.php', 74)
 2 SYSTEMPATH\Session\Handlers\FileHandler.php(74): ini_set('session.save_path', 'C:\\Users\\Jorge Andrey\\Desktop\\arpirantes\\writable\\session')
 3 SYSTEMPATH\Config\Services.php(697): CodeIgniter\Session\Handlers\FileHandler->__construct(Object(Config\Session), '::1')
 4 SYSTEMPATH\Config\BaseService.php(312): CodeIgniter\Config\Services::session(Object(Config\Session), false)
 5 SYSTEMPATH\Config\BaseService.php(251): CodeIgniter\Config\BaseService::__callStatic('session', [...])
 6 SYSTEMPATH\Config\Services.php(668): CodeIgniter\Config\BaseService::getSharedInstance('session', null)
 7 SYSTEMPATH\Config\BaseService.php(321): CodeIgniter\Config\Services::session()
 8 SYSTEMPATH\Config\BaseService.php(202): CodeIgniter\Config\BaseService::__callStatic('session', [])
 9 SYSTEMPATH\Common.php(1000): CodeIgniter\Config\BaseService::get('session')
10 SYSTEMPATH\Common.php(973): service('session')
11 VENDORPATH\codeigniter4\shield\src\Authentication\Authenticators\Session.php(685): session('user')
12 VENDORPATH\codeigniter4\shield\src\Authentication\Authenticators\Session.php(703): CodeIgniter\Shield\Authentication\Authenticators\Session->getSessionUserInfo()
13 VENDORPATH\codeigniter4\shield\src\Authentication\Authenticators\Session.php(390): CodeIgniter\Shield\Authentication\Authenticators\Session->getSessionUserKey('id')
14 VENDORPATH\codeigniter4\shield\src\Authentication\Authenticators\Session.php(374): CodeIgniter\Shield\Authentication\Authenticators\Session->checkUserState()
15 VENDORPATH\codeigniter4\shield\src\Auth.php(191): CodeIgniter\Shield\Authentication\Authenticators\Session->loggedIn()
16 VENDORPATH\codeigniter4\shield\src\Collectors\Auth.php(76): CodeIgniter\Shield\Auth->__call('loggedIn', [])
17 SYSTEMPATH\Debug\Toolbar\Collectors\BaseCollector.php(228): CodeIgniter\Shield\Collectors\Auth->display()
18 SYSTEMPATH\Debug\Toolbar.php(95): CodeIgniter\Debug\Toolbar\Collectors\BaseCollector->getAsArray()
19 SYSTEMPATH\Debug\Toolbar.php(390): CodeIgniter\Debug\Toolbar->run(1751521332.655744, 0.8864, Object(CodeIgniter\HTTP\IncomingRequest), Object(CodeIgniter\HTTP\Response))
20 SYSTEMPATH\Filters\DebugToolbar.php(44): CodeIgniter\Debug\Toolbar->prepare(Object(CodeIgniter\HTTP\IncomingRequest), Object(CodeIgniter\HTTP\Response))
21 SYSTEMPATH\Filters\Filters.php(278): CodeIgniter\Filters\DebugToolbar->after(Object(CodeIgniter\HTTP\IncomingRequest), Object(CodeIgniter\HTTP\Response), null)
22 SYSTEMPATH\Filters\Filters.php(364): CodeIgniter\Filters\Filters->runAfter([...])
23 SYSTEMPATH\CodeIgniter.php(407): CodeIgniter\Filters\Filters->runRequired('after')
24 SYSTEMPATH\CodeIgniter.php(368): CodeIgniter\CodeIgniter->runRequiredAfterFilters(Object(CodeIgniter\Filters\Filters))
25 SYSTEMPATH\Boot.php(334): CodeIgniter\CodeIgniter->run()
26 SYSTEMPATH\Boot.php(67): CodeIgniter\Boot::runCodeIgniter(Object(CodeIgniter\CodeIgniter))
27 FCPATH\index.php(56): CodeIgniter\Boot::bootWeb(Object(Config\Paths))
28 SYSTEMPATH\rewrite.php(44): require_once('C:\\Users\\Jorge Andrey\\Desktop\\arpirantes\\public\\index.php')
CRITICAL - 2025-07-02 23:42:15 --> ErrorException: ini_set(): Session ini settings cannot be changed after headers have already been sent
[Method: GET, Route: grupo/exportar_aprobados/1]
in SYSTEMPATH\Session\Handlers\FileHandler.php on line 74.
 1 [internal function]: CodeIgniter\Debug\Exceptions->errorHandler(2, 'ini_set(): Session ini settings cannot be changed after headers have already been sent', 'C:\\Users\\Jorge Andrey\\Desktop\\arpirantes\\system\\Session\\Handlers\\FileHandler.php', 74)
 2 SYSTEMPATH\Session\Handlers\FileHandler.php(74): ini_set('session.save_path', 'C:\\Users\\Jorge Andrey\\Desktop\\arpirantes\\writable\\session')
 3 SYSTEMPATH\Config\Services.php(697): CodeIgniter\Session\Handlers\FileHandler->__construct(Object(Config\Session), '::1')
 4 SYSTEMPATH\Config\BaseService.php(312): CodeIgniter\Config\Services::session(Object(Config\Session), false)
 5 SYSTEMPATH\Config\BaseService.php(251): CodeIgniter\Config\BaseService::__callStatic('session', [...])
 6 SYSTEMPATH\Config\Services.php(668): CodeIgniter\Config\BaseService::getSharedInstance('session', null)
 7 SYSTEMPATH\Config\BaseService.php(321): CodeIgniter\Config\Services::session()
 8 SYSTEMPATH\Config\BaseService.php(202): CodeIgniter\Config\BaseService::__callStatic('session', [])
 9 SYSTEMPATH\Common.php(1000): CodeIgniter\Config\BaseService::get('session')
10 SYSTEMPATH\Common.php(973): service('session')
11 VENDORPATH\codeigniter4\shield\src\Authentication\Authenticators\Session.php(685): session('user')
12 VENDORPATH\codeigniter4\shield\src\Authentication\Authenticators\Session.php(703): CodeIgniter\Shield\Authentication\Authenticators\Session->getSessionUserInfo()
13 VENDORPATH\codeigniter4\shield\src\Authentication\Authenticators\Session.php(390): CodeIgniter\Shield\Authentication\Authenticators\Session->getSessionUserKey('id')
14 VENDORPATH\codeigniter4\shield\src\Authentication\Authenticators\Session.php(374): CodeIgniter\Shield\Authentication\Authenticators\Session->checkUserState()
15 VENDORPATH\codeigniter4\shield\src\Auth.php(191): CodeIgniter\Shield\Authentication\Authenticators\Session->loggedIn()
16 VENDORPATH\codeigniter4\shield\src\Collectors\Auth.php(76): CodeIgniter\Shield\Auth->__call('loggedIn', [])
17 SYSTEMPATH\Debug\Toolbar\Collectors\BaseCollector.php(228): CodeIgniter\Shield\Collectors\Auth->display()
18 SYSTEMPATH\Debug\Toolbar.php(95): CodeIgniter\Debug\Toolbar\Collectors\BaseCollector->getAsArray()
19 SYSTEMPATH\Debug\Toolbar.php(390): CodeIgniter\Debug\Toolbar->run(1751521334.58416, 0.8399, Object(CodeIgniter\HTTP\IncomingRequest), Object(CodeIgniter\HTTP\Response))
20 SYSTEMPATH\Filters\DebugToolbar.php(44): CodeIgniter\Debug\Toolbar->prepare(Object(CodeIgniter\HTTP\IncomingRequest), Object(CodeIgniter\HTTP\Response))
21 SYSTEMPATH\Filters\Filters.php(278): CodeIgniter\Filters\DebugToolbar->after(Object(CodeIgniter\HTTP\IncomingRequest), Object(CodeIgniter\HTTP\Response), null)
22 SYSTEMPATH\Filters\Filters.php(364): CodeIgniter\Filters\Filters->runAfter([...])
23 SYSTEMPATH\CodeIgniter.php(407): CodeIgniter\Filters\Filters->runRequired('after')
24 SYSTEMPATH\CodeIgniter.php(368): CodeIgniter\CodeIgniter->runRequiredAfterFilters(Object(CodeIgniter\Filters\Filters))
25 SYSTEMPATH\Boot.php(334): CodeIgniter\CodeIgniter->run()
26 SYSTEMPATH\Boot.php(67): CodeIgniter\Boot::runCodeIgniter(Object(CodeIgniter\CodeIgniter))
27 FCPATH\index.php(56): CodeIgniter\Boot::bootWeb(Object(Config\Paths))
28 SYSTEMPATH\rewrite.php(44): require_once('C:\\Users\\Jorge Andrey\\Desktop\\arpirantes\\public\\index.php')
CRITICAL - 2025-07-02 23:47:42 --> ErrorException: ini_set(): Session ini settings cannot be changed after headers have already been sent
[Method: GET, Route: grupo/exportar_aprobados/1]
in SYSTEMPATH\Session\Handlers\FileHandler.php on line 74.
 1 [internal function]: CodeIgniter\Debug\Exceptions->errorHandler(2, 'ini_set(): Session ini settings cannot be changed after headers have already been sent', 'C:\\Users\\Jorge Andrey\\Desktop\\arpirantes\\system\\Session\\Handlers\\FileHandler.php', 74)
 2 SYSTEMPATH\Session\Handlers\FileHandler.php(74): ini_set('session.save_path', 'C:\\Users\\Jorge Andrey\\Desktop\\arpirantes\\writable\\session')
 3 SYSTEMPATH\Config\Services.php(697): CodeIgniter\Session\Handlers\FileHandler->__construct(Object(Config\Session), '::1')
 4 SYSTEMPATH\Config\BaseService.php(312): CodeIgniter\Config\Services::session(Object(Config\Session), false)
 5 SYSTEMPATH\Config\BaseService.php(251): CodeIgniter\Config\BaseService::__callStatic('session', [...])
 6 SYSTEMPATH\Config\Services.php(668): CodeIgniter\Config\BaseService::getSharedInstance('session', null)
 7 SYSTEMPATH\Config\BaseService.php(321): CodeIgniter\Config\Services::session()
 8 SYSTEMPATH\Config\BaseService.php(202): CodeIgniter\Config\BaseService::__callStatic('session', [])
 9 SYSTEMPATH\Common.php(1000): CodeIgniter\Config\BaseService::get('session')
10 SYSTEMPATH\Common.php(973): service('session')
11 VENDORPATH\codeigniter4\shield\src\Authentication\Authenticators\Session.php(685): session('user')
12 VENDORPATH\codeigniter4\shield\src\Authentication\Authenticators\Session.php(703): CodeIgniter\Shield\Authentication\Authenticators\Session->getSessionUserInfo()
13 VENDORPATH\codeigniter4\shield\src\Authentication\Authenticators\Session.php(390): CodeIgniter\Shield\Authentication\Authenticators\Session->getSessionUserKey('id')
14 VENDORPATH\codeigniter4\shield\src\Authentication\Authenticators\Session.php(374): CodeIgniter\Shield\Authentication\Authenticators\Session->checkUserState()
15 VENDORPATH\codeigniter4\shield\src\Auth.php(191): CodeIgniter\Shield\Authentication\Authenticators\Session->loggedIn()
16 VENDORPATH\codeigniter4\shield\src\Collectors\Auth.php(76): CodeIgniter\Shield\Auth->__call('loggedIn', [])
17 SYSTEMPATH\Debug\Toolbar\Collectors\BaseCollector.php(228): CodeIgniter\Shield\Collectors\Auth->display()
18 SYSTEMPATH\Debug\Toolbar.php(95): CodeIgniter\Debug\Toolbar\Collectors\BaseCollector->getAsArray()
19 SYSTEMPATH\Debug\Toolbar.php(390): CodeIgniter\Debug\Toolbar->run(1751521661.148014, 0.8769, Object(CodeIgniter\HTTP\IncomingRequest), Object(CodeIgniter\HTTP\Response))
20 SYSTEMPATH\Filters\DebugToolbar.php(44): CodeIgniter\Debug\Toolbar->prepare(Object(CodeIgniter\HTTP\IncomingRequest), Object(CodeIgniter\HTTP\Response))
21 SYSTEMPATH\Filters\Filters.php(278): CodeIgniter\Filters\DebugToolbar->after(Object(CodeIgniter\HTTP\IncomingRequest), Object(CodeIgniter\HTTP\Response), null)
22 SYSTEMPATH\Filters\Filters.php(364): CodeIgniter\Filters\Filters->runAfter([...])
23 SYSTEMPATH\CodeIgniter.php(407): CodeIgniter\Filters\Filters->runRequired('after')
24 SYSTEMPATH\CodeIgniter.php(368): CodeIgniter\CodeIgniter->runRequiredAfterFilters(Object(CodeIgniter\Filters\Filters))
25 SYSTEMPATH\Boot.php(334): CodeIgniter\CodeIgniter->run()
26 SYSTEMPATH\Boot.php(67): CodeIgniter\Boot::runCodeIgniter(Object(CodeIgniter\CodeIgniter))
27 FCPATH\index.php(56): CodeIgniter\Boot::bootWeb(Object(Config\Paths))
28 SYSTEMPATH\rewrite.php(44): require_once('C:\\Users\\Jorge Andrey\\Desktop\\arpirantes\\public\\index.php')
CRITICAL - 2025-07-02 23:47:43 --> ErrorException: ini_set(): Session ini settings cannot be changed after headers have already been sent
[Method: GET, Route: grupo/exportar_aprobados/1]
in SYSTEMPATH\Session\Handlers\FileHandler.php on line 74.
 1 [internal function]: CodeIgniter\Debug\Exceptions->errorHandler(2, 'ini_set(): Session ini settings cannot be changed after headers have already been sent', 'C:\\Users\\Jorge Andrey\\Desktop\\arpirantes\\system\\Session\\Handlers\\FileHandler.php', 74)
 2 SYSTEMPATH\Session\Handlers\FileHandler.php(74): ini_set('session.save_path', 'C:\\Users\\Jorge Andrey\\Desktop\\arpirantes\\writable\\session')
 3 SYSTEMPATH\Config\Services.php(697): CodeIgniter\Session\Handlers\FileHandler->__construct(Object(Config\Session), '::1')
 4 SYSTEMPATH\Config\BaseService.php(312): CodeIgniter\Config\Services::session(Object(Config\Session), false)
 5 SYSTEMPATH\Config\BaseService.php(251): CodeIgniter\Config\BaseService::__callStatic('session', [...])
 6 SYSTEMPATH\Config\Services.php(668): CodeIgniter\Config\BaseService::getSharedInstance('session', null)
 7 SYSTEMPATH\Config\BaseService.php(321): CodeIgniter\Config\Services::session()
 8 SYSTEMPATH\Config\BaseService.php(202): CodeIgniter\Config\BaseService::__callStatic('session', [])
 9 SYSTEMPATH\Common.php(1000): CodeIgniter\Config\BaseService::get('session')
10 SYSTEMPATH\Common.php(973): service('session')
11 VENDORPATH\codeigniter4\shield\src\Authentication\Authenticators\Session.php(685): session('user')
12 VENDORPATH\codeigniter4\shield\src\Authentication\Authenticators\Session.php(703): CodeIgniter\Shield\Authentication\Authenticators\Session->getSessionUserInfo()
13 VENDORPATH\codeigniter4\shield\src\Authentication\Authenticators\Session.php(390): CodeIgniter\Shield\Authentication\Authenticators\Session->getSessionUserKey('id')
14 VENDORPATH\codeigniter4\shield\src\Authentication\Authenticators\Session.php(374): CodeIgniter\Shield\Authentication\Authenticators\Session->checkUserState()
15 VENDORPATH\codeigniter4\shield\src\Auth.php(191): CodeIgniter\Shield\Authentication\Authenticators\Session->loggedIn()
16 VENDORPATH\codeigniter4\shield\src\Collectors\Auth.php(76): CodeIgniter\Shield\Auth->__call('loggedIn', [])
17 SYSTEMPATH\Debug\Toolbar\Collectors\BaseCollector.php(228): CodeIgniter\Shield\Collectors\Auth->display()
18 SYSTEMPATH\Debug\Toolbar.php(95): CodeIgniter\Debug\Toolbar\Collectors\BaseCollector->getAsArray()
19 SYSTEMPATH\Debug\Toolbar.php(390): CodeIgniter\Debug\Toolbar->run(1751521662.935936, 0.5429, Object(CodeIgniter\HTTP\IncomingRequest), Object(CodeIgniter\HTTP\Response))
20 SYSTEMPATH\Filters\DebugToolbar.php(44): CodeIgniter\Debug\Toolbar->prepare(Object(CodeIgniter\HTTP\IncomingRequest), Object(CodeIgniter\HTTP\Response))
21 SYSTEMPATH\Filters\Filters.php(278): CodeIgniter\Filters\DebugToolbar->after(Object(CodeIgniter\HTTP\IncomingRequest), Object(CodeIgniter\HTTP\Response), null)
22 SYSTEMPATH\Filters\Filters.php(364): CodeIgniter\Filters\Filters->runAfter([...])
23 SYSTEMPATH\CodeIgniter.php(407): CodeIgniter\Filters\Filters->runRequired('after')
24 SYSTEMPATH\CodeIgniter.php(368): CodeIgniter\CodeIgniter->runRequiredAfterFilters(Object(CodeIgniter\Filters\Filters))
25 SYSTEMPATH\Boot.php(334): CodeIgniter\CodeIgniter->run()
26 SYSTEMPATH\Boot.php(67): CodeIgniter\Boot::runCodeIgniter(Object(CodeIgniter\CodeIgniter))
27 FCPATH\index.php(56): CodeIgniter\Boot::bootWeb(Object(Config\Paths))
28 SYSTEMPATH\rewrite.php(44): require_once('C:\\Users\\Jorge Andrey\\Desktop\\arpirantes\\public\\index.php')
CRITICAL - 2025-07-02 23:48:05 --> ErrorException: ini_set(): Session ini settings cannot be changed after headers have already been sent
[Method: GET, Route: grupo/exportar_aprobados/1]
in SYSTEMPATH\Session\Handlers\FileHandler.php on line 74.
 1 [internal function]: CodeIgniter\Debug\Exceptions->errorHandler(2, 'ini_set(): Session ini settings cannot be changed after headers have already been sent', 'C:\\Users\\Jorge Andrey\\Desktop\\arpirantes\\system\\Session\\Handlers\\FileHandler.php', 74)
 2 SYSTEMPATH\Session\Handlers\FileHandler.php(74): ini_set('session.save_path', 'C:\\Users\\Jorge Andrey\\Desktop\\arpirantes\\writable\\session')
 3 SYSTEMPATH\Config\Services.php(697): CodeIgniter\Session\Handlers\FileHandler->__construct(Object(Config\Session), '::1')
 4 SYSTEMPATH\Config\BaseService.php(312): CodeIgniter\Config\Services::session(Object(Config\Session), false)
 5 SYSTEMPATH\Config\BaseService.php(251): CodeIgniter\Config\BaseService::__callStatic('session', [...])
 6 SYSTEMPATH\Config\Services.php(668): CodeIgniter\Config\BaseService::getSharedInstance('session', null)
 7 SYSTEMPATH\Config\BaseService.php(321): CodeIgniter\Config\Services::session()
 8 SYSTEMPATH\Config\BaseService.php(202): CodeIgniter\Config\BaseService::__callStatic('session', [])
 9 SYSTEMPATH\Common.php(1000): CodeIgniter\Config\BaseService::get('session')
10 SYSTEMPATH\Common.php(973): service('session')
11 VENDORPATH\codeigniter4\shield\src\Authentication\Authenticators\Session.php(685): session('user')
12 VENDORPATH\codeigniter4\shield\src\Authentication\Authenticators\Session.php(703): CodeIgniter\Shield\Authentication\Authenticators\Session->getSessionUserInfo()
13 VENDORPATH\codeigniter4\shield\src\Authentication\Authenticators\Session.php(390): CodeIgniter\Shield\Authentication\Authenticators\Session->getSessionUserKey('id')
14 VENDORPATH\codeigniter4\shield\src\Authentication\Authenticators\Session.php(374): CodeIgniter\Shield\Authentication\Authenticators\Session->checkUserState()
15 VENDORPATH\codeigniter4\shield\src\Auth.php(191): CodeIgniter\Shield\Authentication\Authenticators\Session->loggedIn()
16 VENDORPATH\codeigniter4\shield\src\Collectors\Auth.php(76): CodeIgniter\Shield\Auth->__call('loggedIn', [])
17 SYSTEMPATH\Debug\Toolbar\Collectors\BaseCollector.php(228): CodeIgniter\Shield\Collectors\Auth->display()
18 SYSTEMPATH\Debug\Toolbar.php(95): CodeIgniter\Debug\Toolbar\Collectors\BaseCollector->getAsArray()
19 SYSTEMPATH\Debug\Toolbar.php(390): CodeIgniter\Debug\Toolbar->run(1751521684.422658, 1.0235, Object(CodeIgniter\HTTP\IncomingRequest), Object(CodeIgniter\HTTP\Response))
20 SYSTEMPATH\Filters\DebugToolbar.php(44): CodeIgniter\Debug\Toolbar->prepare(Object(CodeIgniter\HTTP\IncomingRequest), Object(CodeIgniter\HTTP\Response))
21 SYSTEMPATH\Filters\Filters.php(278): CodeIgniter\Filters\DebugToolbar->after(Object(CodeIgniter\HTTP\IncomingRequest), Object(CodeIgniter\HTTP\Response), null)
22 SYSTEMPATH\Filters\Filters.php(364): CodeIgniter\Filters\Filters->runAfter([...])
23 SYSTEMPATH\CodeIgniter.php(407): CodeIgniter\Filters\Filters->runRequired('after')
24 SYSTEMPATH\CodeIgniter.php(368): CodeIgniter\CodeIgniter->runRequiredAfterFilters(Object(CodeIgniter\Filters\Filters))
25 SYSTEMPATH\Boot.php(334): CodeIgniter\CodeIgniter->run()
26 SYSTEMPATH\Boot.php(67): CodeIgniter\Boot::runCodeIgniter(Object(CodeIgniter\CodeIgniter))
27 FCPATH\index.php(56): CodeIgniter\Boot::bootWeb(Object(Config\Paths))
28 SYSTEMPATH\rewrite.php(44): require_once('C:\\Users\\Jorge Andrey\\Desktop\\arpirantes\\public\\index.php')
CRITICAL - 2025-07-02 23:48:07 --> ErrorException: ini_set(): Session ini settings cannot be changed after headers have already been sent
[Method: GET, Route: grupo/exportar_aprobados/1]
in SYSTEMPATH\Session\Handlers\FileHandler.php on line 74.
 1 [internal function]: CodeIgniter\Debug\Exceptions->errorHandler(2, 'ini_set(): Session ini settings cannot be changed after headers have already been sent', 'C:\\Users\\Jorge Andrey\\Desktop\\arpirantes\\system\\Session\\Handlers\\FileHandler.php', 74)
 2 SYSTEMPATH\Session\Handlers\FileHandler.php(74): ini_set('session.save_path', 'C:\\Users\\Jorge Andrey\\Desktop\\arpirantes\\writable\\session')
 3 SYSTEMPATH\Config\Services.php(697): CodeIgniter\Session\Handlers\FileHandler->__construct(Object(Config\Session), '::1')
 4 SYSTEMPATH\Config\BaseService.php(312): CodeIgniter\Config\Services::session(Object(Config\Session), false)
 5 SYSTEMPATH\Config\BaseService.php(251): CodeIgniter\Config\BaseService::__callStatic('session', [...])
 6 SYSTEMPATH\Config\Services.php(668): CodeIgniter\Config\BaseService::getSharedInstance('session', null)
 7 SYSTEMPATH\Config\BaseService.php(321): CodeIgniter\Config\Services::session()
 8 SYSTEMPATH\Config\BaseService.php(202): CodeIgniter\Config\BaseService::__callStatic('session', [])
 9 SYSTEMPATH\Common.php(1000): CodeIgniter\Config\BaseService::get('session')
10 SYSTEMPATH\Common.php(973): service('session')
11 VENDORPATH\codeigniter4\shield\src\Authentication\Authenticators\Session.php(685): session('user')
12 VENDORPATH\codeigniter4\shield\src\Authentication\Authenticators\Session.php(703): CodeIgniter\Shield\Authentication\Authenticators\Session->getSessionUserInfo()
13 VENDORPATH\codeigniter4\shield\src\Authentication\Authenticators\Session.php(390): CodeIgniter\Shield\Authentication\Authenticators\Session->getSessionUserKey('id')
14 VENDORPATH\codeigniter4\shield\src\Authentication\Authenticators\Session.php(374): CodeIgniter\Shield\Authentication\Authenticators\Session->checkUserState()
15 VENDORPATH\codeigniter4\shield\src\Auth.php(191): CodeIgniter\Shield\Authentication\Authenticators\Session->loggedIn()
16 VENDORPATH\codeigniter4\shield\src\Collectors\Auth.php(76): CodeIgniter\Shield\Auth->__call('loggedIn', [])
17 SYSTEMPATH\Debug\Toolbar\Collectors\BaseCollector.php(228): CodeIgniter\Shield\Collectors\Auth->display()
18 SYSTEMPATH\Debug\Toolbar.php(95): CodeIgniter\Debug\Toolbar\Collectors\BaseCollector->getAsArray()
19 SYSTEMPATH\Debug\Toolbar.php(390): CodeIgniter\Debug\Toolbar->run(1751521685.995388, 0.8925, Object(CodeIgniter\HTTP\IncomingRequest), Object(CodeIgniter\HTTP\Response))
20 SYSTEMPATH\Filters\DebugToolbar.php(44): CodeIgniter\Debug\Toolbar->prepare(Object(CodeIgniter\HTTP\IncomingRequest), Object(CodeIgniter\HTTP\Response))
21 SYSTEMPATH\Filters\Filters.php(278): CodeIgniter\Filters\DebugToolbar->after(Object(CodeIgniter\HTTP\IncomingRequest), Object(CodeIgniter\HTTP\Response), null)
22 SYSTEMPATH\Filters\Filters.php(364): CodeIgniter\Filters\Filters->runAfter([...])
23 SYSTEMPATH\CodeIgniter.php(407): CodeIgniter\Filters\Filters->runRequired('after')
24 SYSTEMPATH\CodeIgniter.php(368): CodeIgniter\CodeIgniter->runRequiredAfterFilters(Object(CodeIgniter\Filters\Filters))
25 SYSTEMPATH\Boot.php(334): CodeIgniter\CodeIgniter->run()
26 SYSTEMPATH\Boot.php(67): CodeIgniter\Boot::runCodeIgniter(Object(CodeIgniter\CodeIgniter))
27 FCPATH\index.php(56): CodeIgniter\Boot::bootWeb(Object(Config\Paths))
28 SYSTEMPATH\rewrite.php(44): require_once('C:\\Users\\Jorge Andrey\\Desktop\\arpirantes\\public\\index.php')
CRITICAL - 2025-07-02 23:58:31 --> ErrorException: Undefined array key "carrera"
[Method: GET, Route: grupo/exportar_aprobados/1]
in APPPATH\Views\base\publico\pdf_aprobados.php on line 49.
 1 APPPATH\Views\base\publico\pdf_aprobados.php(49): CodeIgniter\Debug\Exceptions->errorHandler(2, 'Undefined array key "carrera"', 'C:\\Users\\Jorge Andrey\\Desktop\\arpirantes\\app\\Views\\base\\publico\\pdf_aprobados.php', 49)
 2 SYSTEMPATH\View\View.php(224): include('C:\\Users\\Jorge Andrey\\Desktop\\arpirantes\\app\\Views\\base\\publico\\pdf_aprobados.php')
 3 SYSTEMPATH\View\View.php(227): CodeIgniter\View\View->CodeIgniter\View\{closure}()
 4 SYSTEMPATH\Common.php(1173): CodeIgniter\View\View->render('base/publico/pdf_aprobados', [], true)
 5 APPPATH\Controllers\Grupo.php(111): view('base/publico/pdf_aprobados', [...])
 6 SYSTEMPATH\CodeIgniter.php(933): App\Controllers\Grupo->exportarPDF('1')
 7 SYSTEMPATH\CodeIgniter.php(507): CodeIgniter\CodeIgniter->runController(Object(App\Controllers\Grupo))
 8 SYSTEMPATH\CodeIgniter.php(354): CodeIgniter\CodeIgniter->handleRequest(null, Object(Config\Cache), false)
 9 SYSTEMPATH\Boot.php(334): CodeIgniter\CodeIgniter->run()
10 SYSTEMPATH\Boot.php(67): CodeIgniter\Boot::runCodeIgniter(Object(CodeIgniter\CodeIgniter))
11 FCPATH\index.php(56): CodeIgniter\Boot::bootWeb(Object(Config\Paths))
12 SYSTEMPATH\rewrite.php(44): require_once('C:\\Users\\Jorge Andrey\\Desktop\\arpirantes\\public\\index.php')
CRITICAL - 2025-07-02 23:58:56 --> ErrorException: ini_set(): Session ini settings cannot be changed after headers have already been sent
[Method: GET, Route: grupo/exportar_aprobados/1]
in SYSTEMPATH\Session\Handlers\FileHandler.php on line 74.
 1 [internal function]: CodeIgniter\Debug\Exceptions->errorHandler(2, 'ini_set(): Session ini settings cannot be changed after headers have already been sent', 'C:\\Users\\Jorge Andrey\\Desktop\\arpirantes\\system\\Session\\Handlers\\FileHandler.php', 74)
 2 SYSTEMPATH\Session\Handlers\FileHandler.php(74): ini_set('session.save_path', 'C:\\Users\\Jorge Andrey\\Desktop\\arpirantes\\writable\\session')
 3 SYSTEMPATH\Config\Services.php(697): CodeIgniter\Session\Handlers\FileHandler->__construct(Object(Config\Session), '::1')
 4 SYSTEMPATH\Config\BaseService.php(312): CodeIgniter\Config\Services::session(Object(Config\Session), false)
 5 SYSTEMPATH\Config\BaseService.php(251): CodeIgniter\Config\BaseService::__callStatic('session', [...])
 6 SYSTEMPATH\Config\Services.php(668): CodeIgniter\Config\BaseService::getSharedInstance('session', null)
 7 SYSTEMPATH\Config\BaseService.php(321): CodeIgniter\Config\Services::session()
 8 SYSTEMPATH\Config\BaseService.php(202): CodeIgniter\Config\BaseService::__callStatic('session', [])
 9 SYSTEMPATH\Common.php(1000): CodeIgniter\Config\BaseService::get('session')
10 SYSTEMPATH\Common.php(973): service('session')
11 VENDORPATH\codeigniter4\shield\src\Authentication\Authenticators\Session.php(685): session('user')
12 VENDORPATH\codeigniter4\shield\src\Authentication\Authenticators\Session.php(703): CodeIgniter\Shield\Authentication\Authenticators\Session->getSessionUserInfo()
13 VENDORPATH\codeigniter4\shield\src\Authentication\Authenticators\Session.php(390): CodeIgniter\Shield\Authentication\Authenticators\Session->getSessionUserKey('id')
14 VENDORPATH\codeigniter4\shield\src\Authentication\Authenticators\Session.php(374): CodeIgniter\Shield\Authentication\Authenticators\Session->checkUserState()
15 VENDORPATH\codeigniter4\shield\src\Auth.php(191): CodeIgniter\Shield\Authentication\Authenticators\Session->loggedIn()
16 VENDORPATH\codeigniter4\shield\src\Collectors\Auth.php(76): CodeIgniter\Shield\Auth->__call('loggedIn', [])
17 SYSTEMPATH\Debug\Toolbar\Collectors\BaseCollector.php(228): CodeIgniter\Shield\Collectors\Auth->display()
18 SYSTEMPATH\Debug\Toolbar.php(95): CodeIgniter\Debug\Toolbar\Collectors\BaseCollector->getAsArray()
19 SYSTEMPATH\Debug\Toolbar.php(390): CodeIgniter\Debug\Toolbar->run(1751522334.941217, 1.7681, Object(CodeIgniter\HTTP\IncomingRequest), Object(CodeIgniter\HTTP\Response))
20 SYSTEMPATH\Filters\DebugToolbar.php(44): CodeIgniter\Debug\Toolbar->prepare(Object(CodeIgniter\HTTP\IncomingRequest), Object(CodeIgniter\HTTP\Response))
21 SYSTEMPATH\Filters\Filters.php(278): CodeIgniter\Filters\DebugToolbar->after(Object(CodeIgniter\HTTP\IncomingRequest), Object(CodeIgniter\HTTP\Response), null)
22 SYSTEMPATH\Filters\Filters.php(364): CodeIgniter\Filters\Filters->runAfter([...])
23 SYSTEMPATH\CodeIgniter.php(407): CodeIgniter\Filters\Filters->runRequired('after')
24 SYSTEMPATH\CodeIgniter.php(368): CodeIgniter\CodeIgniter->runRequiredAfterFilters(Object(CodeIgniter\Filters\Filters))
25 SYSTEMPATH\Boot.php(334): CodeIgniter\CodeIgniter->run()
26 SYSTEMPATH\Boot.php(67): CodeIgniter\Boot::runCodeIgniter(Object(CodeIgniter\CodeIgniter))
27 FCPATH\index.php(56): CodeIgniter\Boot::bootWeb(Object(Config\Paths))
28 SYSTEMPATH\rewrite.php(44): require_once('C:\\Users\\Jorge Andrey\\Desktop\\arpirantes\\public\\index.php')
CRITICAL - 2025-07-02 23:58:59 --> ErrorException: ini_set(): Session ini settings cannot be changed after headers have already been sent
[Method: GET, Route: grupo/exportar_aprobados/1]
in SYSTEMPATH\Session\Handlers\FileHandler.php on line 74.
 1 [internal function]: CodeIgniter\Debug\Exceptions->errorHandler(2, 'ini_set(): Session ini settings cannot be changed after headers have already been sent', 'C:\\Users\\Jorge Andrey\\Desktop\\arpirantes\\system\\Session\\Handlers\\FileHandler.php', 74)
 2 SYSTEMPATH\Session\Handlers\FileHandler.php(74): ini_set('session.save_path', 'C:\\Users\\Jorge Andrey\\Desktop\\arpirantes\\writable\\session')
 3 SYSTEMPATH\Config\Services.php(697): CodeIgniter\Session\Handlers\FileHandler->__construct(Object(Config\Session), '::1')
 4 SYSTEMPATH\Config\BaseService.php(312): CodeIgniter\Config\Services::session(Object(Config\Session), false)
 5 SYSTEMPATH\Config\BaseService.php(251): CodeIgniter\Config\BaseService::__callStatic('session', [...])
 6 SYSTEMPATH\Config\Services.php(668): CodeIgniter\Config\BaseService::getSharedInstance('session', null)
 7 SYSTEMPATH\Config\BaseService.php(321): CodeIgniter\Config\Services::session()
 8 SYSTEMPATH\Config\BaseService.php(202): CodeIgniter\Config\BaseService::__callStatic('session', [])
 9 SYSTEMPATH\Common.php(1000): CodeIgniter\Config\BaseService::get('session')
10 SYSTEMPATH\Common.php(973): service('session')
11 VENDORPATH\codeigniter4\shield\src\Authentication\Authenticators\Session.php(685): session('user')
12 VENDORPATH\codeigniter4\shield\src\Authentication\Authenticators\Session.php(703): CodeIgniter\Shield\Authentication\Authenticators\Session->getSessionUserInfo()
13 VENDORPATH\codeigniter4\shield\src\Authentication\Authenticators\Session.php(390): CodeIgniter\Shield\Authentication\Authenticators\Session->getSessionUserKey('id')
14 VENDORPATH\codeigniter4\shield\src\Authentication\Authenticators\Session.php(374): CodeIgniter\Shield\Authentication\Authenticators\Session->checkUserState()
15 VENDORPATH\codeigniter4\shield\src\Auth.php(191): CodeIgniter\Shield\Authentication\Authenticators\Session->loggedIn()
16 VENDORPATH\codeigniter4\shield\src\Collectors\Auth.php(76): CodeIgniter\Shield\Auth->__call('loggedIn', [])
17 SYSTEMPATH\Debug\Toolbar\Collectors\BaseCollector.php(228): CodeIgniter\Shield\Collectors\Auth->display()
18 SYSTEMPATH\Debug\Toolbar.php(95): CodeIgniter\Debug\Toolbar\Collectors\BaseCollector->getAsArray()
19 SYSTEMPATH\Debug\Toolbar.php(390): CodeIgniter\Debug\Toolbar->run(1751522337.308897, 1.5997, Object(CodeIgniter\HTTP\IncomingRequest), Object(CodeIgniter\HTTP\Response))
20 SYSTEMPATH\Filters\DebugToolbar.php(44): CodeIgniter\Debug\Toolbar->prepare(Object(CodeIgniter\HTTP\IncomingRequest), Object(CodeIgniter\HTTP\Response))
21 SYSTEMPATH\Filters\Filters.php(278): CodeIgniter\Filters\DebugToolbar->after(Object(CodeIgniter\HTTP\IncomingRequest), Object(CodeIgniter\HTTP\Response), null)
22 SYSTEMPATH\Filters\Filters.php(364): CodeIgniter\Filters\Filters->runAfter([...])
23 SYSTEMPATH\CodeIgniter.php(407): CodeIgniter\Filters\Filters->runRequired('after')
24 SYSTEMPATH\CodeIgniter.php(368): CodeIgniter\CodeIgniter->runRequiredAfterFilters(Object(CodeIgniter\Filters\Filters))
25 SYSTEMPATH\Boot.php(334): CodeIgniter\CodeIgniter->run()
26 SYSTEMPATH\Boot.php(67): CodeIgniter\Boot::runCodeIgniter(Object(CodeIgniter\CodeIgniter))
27 FCPATH\index.php(56): CodeIgniter\Boot::bootWeb(Object(Config\Paths))
28 SYSTEMPATH\rewrite.php(44): require_once('C:\\Users\\Jorge Andrey\\Desktop\\arpirantes\\public\\index.php')
CRITICAL - 2025-07-02 23:59:07 --> ErrorException: ini_set(): Session ini settings cannot be changed after headers have already been sent
[Method: GET, Route: grupo/exportar_aprobados/1]
in SYSTEMPATH\Session\Handlers\FileHandler.php on line 74.
 1 [internal function]: CodeIgniter\Debug\Exceptions->errorHandler(2, 'ini_set(): Session ini settings cannot be changed after headers have already been sent', 'C:\\Users\\Jorge Andrey\\Desktop\\arpirantes\\system\\Session\\Handlers\\FileHandler.php', 74)
 2 SYSTEMPATH\Session\Handlers\FileHandler.php(74): ini_set('session.save_path', 'C:\\Users\\Jorge Andrey\\Desktop\\arpirantes\\writable\\session')
 3 SYSTEMPATH\Config\Services.php(697): CodeIgniter\Session\Handlers\FileHandler->__construct(Object(Config\Session), '::1')
 4 SYSTEMPATH\Config\BaseService.php(312): CodeIgniter\Config\Services::session(Object(Config\Session), false)
 5 SYSTEMPATH\Config\BaseService.php(251): CodeIgniter\Config\BaseService::__callStatic('session', [...])
 6 SYSTEMPATH\Config\Services.php(668): CodeIgniter\Config\BaseService::getSharedInstance('session', null)
 7 SYSTEMPATH\Config\BaseService.php(321): CodeIgniter\Config\Services::session()
 8 SYSTEMPATH\Config\BaseService.php(202): CodeIgniter\Config\BaseService::__callStatic('session', [])
 9 SYSTEMPATH\Common.php(1000): CodeIgniter\Config\BaseService::get('session')
10 SYSTEMPATH\Common.php(973): service('session')
11 VENDORPATH\codeigniter4\shield\src\Authentication\Authenticators\Session.php(685): session('user')
12 VENDORPATH\codeigniter4\shield\src\Authentication\Authenticators\Session.php(703): CodeIgniter\Shield\Authentication\Authenticators\Session->getSessionUserInfo()
13 VENDORPATH\codeigniter4\shield\src\Authentication\Authenticators\Session.php(390): CodeIgniter\Shield\Authentication\Authenticators\Session->getSessionUserKey('id')
14 VENDORPATH\codeigniter4\shield\src\Authentication\Authenticators\Session.php(374): CodeIgniter\Shield\Authentication\Authenticators\Session->checkUserState()
15 VENDORPATH\codeigniter4\shield\src\Auth.php(191): CodeIgniter\Shield\Authentication\Authenticators\Session->loggedIn()
16 VENDORPATH\codeigniter4\shield\src\Collectors\Auth.php(76): CodeIgniter\Shield\Auth->__call('loggedIn', [])
17 SYSTEMPATH\Debug\Toolbar\Collectors\BaseCollector.php(228): CodeIgniter\Shield\Collectors\Auth->display()
18 SYSTEMPATH\Debug\Toolbar.php(95): CodeIgniter\Debug\Toolbar\Collectors\BaseCollector->getAsArray()
19 SYSTEMPATH\Debug\Toolbar.php(390): CodeIgniter\Debug\Toolbar->run(1751522346.105449, 0.7318, Object(CodeIgniter\HTTP\IncomingRequest), Object(CodeIgniter\HTTP\Response))
20 SYSTEMPATH\Filters\DebugToolbar.php(44): CodeIgniter\Debug\Toolbar->prepare(Object(CodeIgniter\HTTP\IncomingRequest), Object(CodeIgniter\HTTP\Response))
21 SYSTEMPATH\Filters\Filters.php(278): CodeIgniter\Filters\DebugToolbar->after(Object(CodeIgniter\HTTP\IncomingRequest), Object(CodeIgniter\HTTP\Response), null)
22 SYSTEMPATH\Filters\Filters.php(364): CodeIgniter\Filters\Filters->runAfter([...])
23 SYSTEMPATH\CodeIgniter.php(407): CodeIgniter\Filters\Filters->runRequired('after')
24 SYSTEMPATH\CodeIgniter.php(368): CodeIgniter\CodeIgniter->runRequiredAfterFilters(Object(CodeIgniter\Filters\Filters))
25 SYSTEMPATH\Boot.php(334): CodeIgniter\CodeIgniter->run()
26 SYSTEMPATH\Boot.php(67): CodeIgniter\Boot::runCodeIgniter(Object(CodeIgniter\CodeIgniter))
27 FCPATH\index.php(56): CodeIgniter\Boot::bootWeb(Object(Config\Paths))
28 SYSTEMPATH\rewrite.php(44): require_once('C:\\Users\\Jorge Andrey\\Desktop\\arpirantes\\public\\index.php')
CRITICAL - 2025-07-02 23:59:08 --> ErrorException: ini_set(): Session ini settings cannot be changed after headers have already been sent
[Method: GET, Route: grupo/exportar_aprobados/1]
in SYSTEMPATH\Session\Handlers\FileHandler.php on line 74.
 1 [internal function]: CodeIgniter\Debug\Exceptions->errorHandler(2, 'ini_set(): Session ini settings cannot be changed after headers have already been sent', 'C:\\Users\\Jorge Andrey\\Desktop\\arpirantes\\system\\Session\\Handlers\\FileHandler.php', 74)
 2 SYSTEMPATH\Session\Handlers\FileHandler.php(74): ini_set('session.save_path', 'C:\\Users\\Jorge Andrey\\Desktop\\arpirantes\\writable\\session')
 3 SYSTEMPATH\Config\Services.php(697): CodeIgniter\Session\Handlers\FileHandler->__construct(Object(Config\Session), '::1')
 4 SYSTEMPATH\Config\BaseService.php(312): CodeIgniter\Config\Services::session(Object(Config\Session), false)
 5 SYSTEMPATH\Config\BaseService.php(251): CodeIgniter\Config\BaseService::__callStatic('session', [...])
 6 SYSTEMPATH\Config\Services.php(668): CodeIgniter\Config\BaseService::getSharedInstance('session', null)
 7 SYSTEMPATH\Config\BaseService.php(321): CodeIgniter\Config\Services::session()
 8 SYSTEMPATH\Config\BaseService.php(202): CodeIgniter\Config\BaseService::__callStatic('session', [])
 9 SYSTEMPATH\Common.php(1000): CodeIgniter\Config\BaseService::get('session')
10 SYSTEMPATH\Common.php(973): service('session')
11 VENDORPATH\codeigniter4\shield\src\Authentication\Authenticators\Session.php(685): session('user')
12 VENDORPATH\codeigniter4\shield\src\Authentication\Authenticators\Session.php(703): CodeIgniter\Shield\Authentication\Authenticators\Session->getSessionUserInfo()
13 VENDORPATH\codeigniter4\shield\src\Authentication\Authenticators\Session.php(390): CodeIgniter\Shield\Authentication\Authenticators\Session->getSessionUserKey('id')
14 VENDORPATH\codeigniter4\shield\src\Authentication\Authenticators\Session.php(374): CodeIgniter\Shield\Authentication\Authenticators\Session->checkUserState()
15 VENDORPATH\codeigniter4\shield\src\Auth.php(191): CodeIgniter\Shield\Authentication\Authenticators\Session->loggedIn()
16 VENDORPATH\codeigniter4\shield\src\Collectors\Auth.php(76): CodeIgniter\Shield\Auth->__call('loggedIn', [])
17 SYSTEMPATH\Debug\Toolbar\Collectors\BaseCollector.php(228): CodeIgniter\Shield\Collectors\Auth->display()
18 SYSTEMPATH\Debug\Toolbar.php(95): CodeIgniter\Debug\Toolbar\Collectors\BaseCollector->getAsArray()
19 SYSTEMPATH\Debug\Toolbar.php(390): CodeIgniter\Debug\Toolbar->run(1751522347.329792, 1.3022, Object(CodeIgniter\HTTP\IncomingRequest), Object(CodeIgniter\HTTP\Response))
20 SYSTEMPATH\Filters\DebugToolbar.php(44): CodeIgniter\Debug\Toolbar->prepare(Object(CodeIgniter\HTTP\IncomingRequest), Object(CodeIgniter\HTTP\Response))
21 SYSTEMPATH\Filters\Filters.php(278): CodeIgniter\Filters\DebugToolbar->after(Object(CodeIgniter\HTTP\IncomingRequest), Object(CodeIgniter\HTTP\Response), null)
22 SYSTEMPATH\Filters\Filters.php(364): CodeIgniter\Filters\Filters->runAfter([...])
23 SYSTEMPATH\CodeIgniter.php(407): CodeIgniter\Filters\Filters->runRequired('after')
24 SYSTEMPATH\CodeIgniter.php(368): CodeIgniter\CodeIgniter->runRequiredAfterFilters(Object(CodeIgniter\Filters\Filters))
25 SYSTEMPATH\Boot.php(334): CodeIgniter\CodeIgniter->run()
26 SYSTEMPATH\Boot.php(67): CodeIgniter\Boot::runCodeIgniter(Object(CodeIgniter\CodeIgniter))
27 FCPATH\index.php(56): CodeIgniter\Boot::bootWeb(Object(Config\Paths))
28 SYSTEMPATH\rewrite.php(44): require_once('C:\\Users\\Jorge Andrey\\Desktop\\arpirantes\\public\\index.php')
